2026-05-27 10:02:03.630 [main] INFO  com.itheima.TliasWebManagementApplication-Starting TliasWebManagementApplication using Java 17.0.13 with PID 12132 (C:\shixun\Talis\target\classes started by 徐坤 in C:\shixun\Talis)
2026-05-27 10:02:03.633 [main] INFO  com.itheima.TliasWebManagementApplication-No active profile set, falling back to 1 default profile: "default"
2026-05-27 10:02:05.057 [main] INFO  o.s.boot.web.embedded.tomcat.TomcatWebServer-Tomcat initialized with port 8080 (http)
2026-05-27 10:02:05.072 [main] INFO  org.apache.coyote.http11.Http11NioProtocol-Initializing ProtocolHandler ["http-nio-8080"]
2026-05-27 10:02:05.074 [main] INFO  org.apache.catalina.core.StandardService-Starting service [Tomcat]
2026-05-27 10:02:05.075 [main] INFO  org.apache.catalina.core.StandardEngine-Starting Servlet engine: [Apache Tomcat/10.1.39]
2026-05-27 10:02:05.148 [main] INFO  o.a.c.core.ContainerBase.[Tomcat].[localhost].[/]-Initializing Spring embedded WebApplicationContext
2026-05-27 10:02:05.148 [main] INFO  o.s.b.w.s.c.ServletWebServerApplicationContext-Root WebApplicationContext: initialization completed in 1451 ms
2026-05-27 10:02:05.834 [main] INFO  o.s.b.a.web.servlet.WelcomePageHandlerMapping-Adding welcome page: class path resource [static/index.html]
2026-05-27 10:02:06.181 [main] INFO  org.apache.coyote.http11.Http11NioProtocol-Starting ProtocolHandler ["http-nio-8080"]
2026-05-27 10:02:06.204 [main] INFO  o.s.boot.web.embedded.tomcat.TomcatWebServer-Tomcat started on port 8080 (http) with context path '/'
2026-05-27 10:02:06.215 [main] INFO  com.itheima.TliasWebManagementApplication-Started TliasWebManagementApplication in 3.229 seconds (process running for 4.441)
2026-05-27 10:02:20.595 [http-nio-8080-exec-1] INFO  o.a.c.core.ContainerBase.[Tomcat].[localhost].[/]-Initializing Spring DispatcherServlet 'dispatcherServlet'
2026-05-27 10:02:20.595 [http-nio-8080-exec-1] INFO  org.springframework.web.servlet.DispatcherServlet-Initializing Servlet 'dispatcherServlet'
2026-05-27 10:02:20.602 [http-nio-8080-exec-1] INFO  org.springframework.web.servlet.DispatcherServlet-Completed initialization in 7 ms
2026-05-27 10:02:20.657 [http-nio-8080-exec-1] INFO  com.itheima.controller.EmpController-查询员工列表
2026-05-27 10:02:20.685 [http-nio-8080-exec-5] INFO  com.itheima.controller.ClazzController-查询班级列表
2026-05-27 10:02:20.889 [http-nio-8080-exec-9] INFO  com.itheima.controller.ClazzController-查询全部班级
2026-05-27 10:02:20.899 [http-nio-8080-exec-3] INFO  com.itheima.controller.StudentController-查询所有学生信息：StudentQueryParam(page=1, pageSize=10, name=, degree=null, clazzId=null)
2026-05-27 10:02:21.896 [http-nio-8080-exec-2] INFO  com.itheima.controller.DeptController-查询所有部门数据
2026-05-27 10:02:22.102 [http-nio-8080-exec-2] INFO  com.zaxxer.hikari.HikariDataSource-HikariPool-1 - Starting...
2026-05-27 10:02:22.390 [http-nio-8080-exec-2] INFO  com.zaxxer.hikari.pool.HikariPool-HikariPool-1 - Added connection com.mysql.cj.jdbc.ConnectionImpl@107413b
2026-05-27 10:02:22.393 [http-nio-8080-exec-2] INFO  com.zaxxer.hikari.HikariDataSource-HikariPool-1 - Start completed.
2026-05-27 10:02:23.340 [http-nio-8080-exec-6] INFO  com.itheima.controller.DeptController-查询所有部门数据
2026-05-27 10:02:23.345 [http-nio-8080-exec-7] INFO  com.itheima.controller.EmpController-员工列表查询条件：EmpQueryParam(page=1, pageSize=10, name=, gender=null, begin=null, end=null)
2026-05-27 10:02:23.352 [http-nio-8080-exec-7] ERROR com.itheima.exception.GlobalExceptionHandler-全局异常处理器收到了系统错误：
java.lang.NullPointerException: Cannot invoke "com.itheima.service.EmpService.getPageResult(com.itheima.pojo.EmpQueryParam)" because "empService" is null
	at com.itheima.controller.EmpController.page(EmpController.java:26)
	at java.base/jdk.internal.reflect.NativeMethodAccessorImpl.invoke0(Native Method)
	at java.base/jdk.internal.reflect.NativeMethodAccessorImpl.invoke(NativeMethodAccessorImpl.java:77)
	at java.base/jdk.internal.reflect.DelegatingMethodAccessorImpl.invoke(DelegatingMethodAccessorImpl.java:43)
	at java.base/java.lang.reflect.Method.invoke(Method.java:569)
	at org.springframework.web.method.support.InvocableHandlerMethod.doInvoke(InvocableHandlerMethod.java:255)
	at org.springframework.web.method.support.InvocableHandlerMethod.invokeForRequest(InvocableHandlerMethod.java:188)
	at org.springframework.web.servlet.mvc.method.annotation.ServletInvocableHandlerMethod.invokeAndHandle(ServletInvocableHandlerMethod.java:118)
	at org.springframework.web.servlet.mvc.method.annotation.RequestMappingHandlerAdapter.invokeHandlerMethod(RequestMappingHandlerAdapter.java:926)
	at org.springframework.web.servlet.mvc.method.annotation.RequestMappingHandlerAdapter.handleInternal(RequestMappingHandlerAdapter.java:831)
	at org.springframework.web.servlet.mvc.method.AbstractHandlerMethodAdapter.handle(AbstractHandlerMethodAdapter.java:87)
	at org.springframework.web.servlet.DispatcherServlet.doDispatch(DispatcherServlet.java:1089)
	at org.springframework.web.servlet.DispatcherServlet.doService(DispatcherServlet.java:979)
	at org.springframework.web.servlet.FrameworkServlet.processRequest(FrameworkServlet.java:1014)
	at org.springframework.web.servlet.FrameworkServlet.doGet(FrameworkServlet.java:903)
	at jakarta.servlet.http.HttpServlet.service(HttpServlet.java:564)
	at org.springframework.web.servlet.FrameworkServlet.service(FrameworkServlet.java:885)
	at jakarta.servlet.http.HttpServlet.service(HttpServlet.java:658)
	at org.apache.catalina.core.ApplicationFilterChain.internalDoFilter(ApplicationFilterChain.java:195)
	at org.apache.catalina.core.ApplicationFilterChain.doFilter(ApplicationFilterChain.java:140)
	at org.apache.tomcat.websocket.server.WsFilter.doFilter(WsFilter.java:51)
	at org.apache.catalina.core.ApplicationFilterChain.internalDoFilter(ApplicationFilterChain.java:164)
	at org.apache.catalina.core.ApplicationFilterChain.doFilter(ApplicationFilterChain.java:140)
	at org.springframework.web.filter.RequestContextFilter.doFilterInternal(RequestContextFilter.java:100)
	at org.springframework.web.filter.OncePerRequestFilter.doFilter(OncePerRequestFilter.java:116)
	at org.apache.catalina.core.ApplicationFilterChain.internalDoFilter(ApplicationFilterChain.java:164)
	at org.apache.catalina.core.ApplicationFilterChain.doFilter(ApplicationFilterChain.java:140)
	at org.springframework.web.filter.FormContentFilter.doFilterInternal(FormContentFilter.java:93)
	at org.springframework.web.filter.OncePerRequestFilter.doFilter(OncePerRequestFilter.java:116)
	at org.apache.catalina.core.ApplicationFilterChain.internalDoFilter(ApplicationFilterChain.java:164)
	at org.apache.catalina.core.ApplicationFilterChain.doFilter(ApplicationFilterChain.java:140)
	at org.springframework.web.filter.CharacterEncodingFilter.doFilterInternal(CharacterEncodingFilter.java:201)
	at org.springframework.web.filter.OncePerRequestFilter.doFilter(OncePerRequestFilter.java:116)
	at org.apache.catalina.core.ApplicationFilterChain.internalDoFilter(ApplicationFilterChain.java:164)
	at org.apache.catalina.core.ApplicationFilterChain.doFilter(ApplicationFilterChain.java:140)
	at org.apache.catalina.core.StandardWrapperValve.invoke(StandardWrapperValve.java:167)
	at org.apache.catalina.core.StandardContextValve.invoke(StandardContextValve.java:90)
	at org.apache.catalina.authenticator.AuthenticatorBase.invoke(AuthenticatorBase.java:483)
	at org.apache.catalina.core.StandardHostValve.invoke(StandardHostValve.java:115)
	at org.apache.catalina.valves.ErrorReportValve.invoke(ErrorReportValve.java:93)
	at org.apache.catalina.core.StandardEngineValve.invoke(StandardEngineValve.java:74)
	at org.apache.catalina.connector.CoyoteAdapter.service(CoyoteAdapter.java:344)
	at org.apache.coyote.http11.Http11Processor.service(Http11Processor.java:397)
	at org.apache.coyote.AbstractProcessorLight.process(AbstractProcessorLight.java:63)
	at org.apache.coyote.AbstractProtocol$ConnectionHandler.process(AbstractProtocol.java:905)
	at org.apache.tomcat.util.net.NioEndpoint$SocketProcessor.doRun(NioEndpoint.java:1743)
	at org.apache.tomcat.util.net.SocketProcessorBase.run(SocketProcessorBase.java:52)
	at org.apache.tomcat.util.threads.ThreadPoolExecutor.runWorker(ThreadPoolExecutor.java:1190)
	at org.apache.tomcat.util.threads.ThreadPoolExecutor$Worker.run(ThreadPoolExecutor.java:659)
	at org.apache.tomcat.util.threads.TaskThread$WrappingRunnable.run(TaskThread.java:63)
	at java.base/java.lang.Thread.run(Thread.java:840)
2026-05-27 10:02:32.616 [http-nio-8080-exec-4] INFO  com.itheima.controller.ReportController-员工职位人数统计
2026-05-27 10:02:32.616 [http-nio-8080-exec-8] INFO  com.itheima.controller.ReportController-员工性别人数统计
2026-05-27 10:02:33.150 [http-nio-8080-exec-10] INFO  com.itheima.controller.ReportController-学员学历统计...
2026-05-27 10:02:33.174 [http-nio-8080-exec-5] INFO  com.itheima.controller.ReportController-班级人数统计...
2026-05-27 10:02:33.600 [http-nio-8080-exec-1] ERROR com.itheima.exception.GlobalExceptionHandler-全局异常处理器收到了系统错误：
org.springframework.web.servlet.resource.NoResourceFoundException: No static resource log/page.
	at org.springframework.web.servlet.resource.ResourceHttpRequestHandler.handleRequest(ResourceHttpRequestHandler.java:586)
	at org.springframework.web.servlet.mvc.HttpRequestHandlerAdapter.handle(HttpRequestHandlerAdapter.java:52)
	at org.springframework.web.servlet.DispatcherServlet.doDispatch(DispatcherServlet.java:1089)
	at org.springframework.web.servlet.DispatcherServlet.doService(DispatcherServlet.java:979)
	at org.springframework.web.servlet.FrameworkServlet.processRequest(FrameworkServlet.java:1014)
	at org.springframework.web.servlet.FrameworkServlet.doGet(FrameworkServlet.java:903)
	at jakarta.servlet.http.HttpServlet.service(HttpServlet.java:564)
	at org.springframework.web.servlet.FrameworkServlet.service(FrameworkServlet.java:885)
	at jakarta.servlet.http.HttpServlet.service(HttpServlet.java:658)
	at org.apache.catalina.core.ApplicationFilterChain.internalDoFilter(ApplicationFilterChain.java:195)
	at org.apache.catalina.core.ApplicationFilterChain.doFilter(ApplicationFilterChain.java:140)
	at org.apache.tomcat.websocket.server.WsFilter.doFilter(WsFilter.java:51)
	at org.apache.catalina.core.ApplicationFilterChain.internalDoFilter(ApplicationFilterChain.java:164)
	at org.apache.catalina.core.ApplicationFilterChain.doFilter(ApplicationFilterChain.java:140)
	at org.springframework.web.filter.RequestContextFilter.doFilterInternal(RequestContextFilter.java:100)
	at org.springframework.web.filter.OncePerRequestFilter.doFilter(OncePerRequestFilter.java:116)
	at org.apache.catalina.core.ApplicationFilterChain.internalDoFilter(ApplicationFilterChain.java:164)
	at org.apache.catalina.core.ApplicationFilterChain.doFilter(ApplicationFilterChain.java:140)
	at org.springframework.web.filter.FormContentFilter.doFilterInternal(FormContentFilter.java:93)
	at org.springframework.web.filter.OncePerRequestFilter.doFilter(OncePerRequestFilter.java:116)
	at org.apache.catalina.core.ApplicationFilterChain.internalDoFilter(ApplicationFilterChain.java:164)
	at org.apache.catalina.core.ApplicationFilterChain.doFilter(ApplicationFilterChain.java:140)
	at org.springframework.web.filter.CharacterEncodingFilter.doFilterInternal(CharacterEncodingFilter.java:201)
	at org.springframework.web.filter.OncePerRequestFilter.doFilter(OncePerRequestFilter.java:116)
	at org.apache.catalina.core.ApplicationFilterChain.internalDoFilter(ApplicationFilterChain.java:164)
	at org.apache.catalina.core.ApplicationFilterChain.doFilter(ApplicationFilterChain.java:140)
	at org.apache.catalina.core.StandardWrapperValve.invoke(StandardWrapperValve.java:167)
	at org.apache.catalina.core.StandardContextValve.invoke(StandardContextValve.java:90)
	at org.apache.catalina.authenticator.AuthenticatorBase.invoke(AuthenticatorBase.java:483)
	at org.apache.catalina.core.StandardHostValve.invoke(StandardHostValve.java:115)
	at org.apache.catalina.valves.ErrorReportValve.invoke(ErrorReportValve.java:93)
	at org.apache.catalina.core.StandardEngineValve.invoke(StandardEngineValve.java:74)
	at org.apache.catalina.connector.CoyoteAdapter.service(CoyoteAdapter.java:344)
	at org.apache.coyote.http11.Http11Processor.service(Http11Processor.java:397)
	at org.apache.coyote.AbstractProcessorLight.process(AbstractProcessorLight.java:63)
	at org.apache.coyote.AbstractProtocol$ConnectionHandler.process(AbstractProtocol.java:905)
	at org.apache.tomcat.util.net.NioEndpoint$SocketProcessor.doRun(NioEndpoint.java:1743)
	at org.apache.tomcat.util.net.SocketProcessorBase.run(SocketProcessorBase.java:52)
	at org.apache.tomcat.util.threads.ThreadPoolExecutor.runWorker(ThreadPoolExecutor.java:1190)
	at org.apache.tomcat.util.threads.ThreadPoolExecutor$Worker.run(ThreadPoolExecutor.java:659)
	at org.apache.tomcat.util.threads.TaskThread$WrappingRunnable.run(TaskThread.java:63)
	at java.base/java.lang.Thread.run(Thread.java:840)
2026-05-27 10:02:33.991 [http-nio-8080-exec-3] INFO  com.itheima.controller.DeptController-查询所有部门数据
2026-05-27 10:02:33.991 [http-nio-8080-exec-9] INFO  com.itheima.controller.EmpController-员工列表查询条件：EmpQueryParam(page=1, pageSize=10, name=, gender=null, begin=null, end=null)
2026-05-27 10:02:33.991 [http-nio-8080-exec-9] ERROR com.itheima.exception.GlobalExceptionHandler-全局异常处理器收到了系统错误：
java.lang.NullPointerException: Cannot invoke "com.itheima.service.EmpService.getPageResult(com.itheima.pojo.EmpQueryParam)" because "empService" is null
	at com.itheima.controller.EmpController.page(EmpController.java:26)
	at java.base/jdk.internal.reflect.NativeMethodAccessorImpl.invoke0(Native Method)
	at java.base/jdk.internal.reflect.NativeMethodAccessorImpl.invoke(NativeMethodAccessorImpl.java:77)
	at java.base/jdk.internal.reflect.DelegatingMethodAccessorImpl.invoke(DelegatingMethodAccessorImpl.java:43)
	at java.base/java.lang.reflect.Method.invoke(Method.java:569)
	at org.springframework.web.method.support.InvocableHandlerMethod.doInvoke(InvocableHandlerMethod.java:255)
	at org.springframework.web.method.support.InvocableHandlerMethod.invokeForRequest(InvocableHandlerMethod.java:188)
	at org.springframework.web.servlet.mvc.method.annotation.ServletInvocableHandlerMethod.invokeAndHandle(ServletInvocableHandlerMethod.java:118)
	at org.springframework.web.servlet.mvc.method.annotation.RequestMappingHandlerAdapter.invokeHandlerMethod(RequestMappingHandlerAdapter.java:926)
	at org.springframework.web.servlet.mvc.method.annotation.RequestMappingHandlerAdapter.handleInternal(RequestMappingHandlerAdapter.java:831)
	at org.springframework.web.servlet.mvc.method.AbstractHandlerMethodAdapter.handle(AbstractHandlerMethodAdapter.java:87)
	at org.springframework.web.servlet.DispatcherServlet.doDispatch(DispatcherServlet.java:1089)
	at org.springframework.web.servlet.DispatcherServlet.doService(DispatcherServlet.java:979)
	at org.springframework.web.servlet.FrameworkServlet.processRequest(FrameworkServlet.java:1014)
	at org.springframework.web.servlet.FrameworkServlet.doGet(FrameworkServlet.java:903)
	at jakarta.servlet.http.HttpServlet.service(HttpServlet.java:564)
	at org.springframework.web.servlet.FrameworkServlet.service(FrameworkServlet.java:885)
	at jakarta.servlet.http.HttpServlet.service(HttpServlet.java:658)
	at org.apache.catalina.core.ApplicationFilterChain.internalDoFilter(ApplicationFilterChain.java:195)
	at org.apache.catalina.core.ApplicationFilterChain.doFilter(ApplicationFilterChain.java:140)
	at org.apache.tomcat.websocket.server.WsFilter.doFilter(WsFilter.java:51)
	at org.apache.catalina.core.ApplicationFilterChain.internalDoFilter(ApplicationFilterChain.java:164)
	at org.apache.catalina.core.ApplicationFilterChain.doFilter(ApplicationFilterChain.java:140)
	at org.springframework.web.filter.RequestContextFilter.doFilterInternal(RequestContextFilter.java:100)
	at org.springframework.web.filter.OncePerRequestFilter.doFilter(OncePerRequestFilter.java:116)
	at org.apache.catalina.core.ApplicationFilterChain.internalDoFilter(ApplicationFilterChain.java:164)
	at org.apache.catalina.core.ApplicationFilterChain.doFilter(ApplicationFilterChain.java:140)
	at org.springframework.web.filter.FormContentFilter.doFilterInternal(FormContentFilter.java:93)
	at org.springframework.web.filter.OncePerRequestFilter.doFilter(OncePerRequestFilter.java:116)
	at org.apache.catalina.core.ApplicationFilterChain.internalDoFilter(ApplicationFilterChain.java:164)
	at org.apache.catalina.core.ApplicationFilterChain.doFilter(ApplicationFilterChain.java:140)
	at org.springframework.web.filter.CharacterEncodingFilter.doFilterInternal(CharacterEncodingFilter.java:201)
	at org.springframework.web.filter.OncePerRequestFilter.doFilter(OncePerRequestFilter.java:116)
	at org.apache.catalina.core.ApplicationFilterChain.internalDoFilter(ApplicationFilterChain.java:164)
	at org.apache.catalina.core.ApplicationFilterChain.doFilter(ApplicationFilterChain.java:140)
	at org.apache.catalina.core.StandardWrapperValve.invoke(StandardWrapperValve.java:167)
	at org.apache.catalina.core.StandardContextValve.invoke(StandardContextValve.java:90)
	at org.apache.catalina.authenticator.AuthenticatorBase.invoke(AuthenticatorBase.java:483)
	at org.apache.catalina.core.StandardHostValve.invoke(StandardHostValve.java:115)
	at org.apache.catalina.valves.ErrorReportValve.invoke(ErrorReportValve.java:93)
	at org.apache.catalina.core.StandardEngineValve.invoke(StandardEngineValve.java:74)
	at org.apache.catalina.connector.CoyoteAdapter.service(CoyoteAdapter.java:344)
	at org.apache.coyote.http11.Http11Processor.service(Http11Processor.java:397)
	at org.apache.coyote.AbstractProcessorLight.process(AbstractProcessorLight.java:63)
	at org.apache.coyote.AbstractProtocol$ConnectionHandler.process(AbstractProtocol.java:905)
	at org.apache.tomcat.util.net.NioEndpoint$SocketProcessor.doRun(NioEndpoint.java:1743)
	at org.apache.tomcat.util.net.SocketProcessorBase.run(SocketProcessorBase.java:52)
	at org.apache.tomcat.util.threads.ThreadPoolExecutor.runWorker(ThreadPoolExecutor.java:1190)
	at org.apache.tomcat.util.threads.ThreadPoolExecutor$Worker.run(ThreadPoolExecutor.java:659)
	at org.apache.tomcat.util.threads.TaskThread$WrappingRunnable.run(TaskThread.java:63)
	at java.base/java.lang.Thread.run(Thread.java:840)
2026-05-27 10:02:34.712 [http-nio-8080-exec-2] INFO  com.itheima.controller.EmpController-员工列表查询条件：EmpQueryParam(page=1, pageSize=10, name=, gender=null, begin=null, end=null)
2026-05-27 10:02:34.713 [http-nio-8080-exec-2] ERROR com.itheima.exception.GlobalExceptionHandler-全局异常处理器收到了系统错误：
java.lang.NullPointerException: Cannot invoke "com.itheima.service.EmpService.getPageResult(com.itheima.pojo.EmpQueryParam)" because "empService" is null
	at com.itheima.controller.EmpController.page(EmpController.java:26)
	at java.base/jdk.internal.reflect.NativeMethodAccessorImpl.invoke0(Native Method)
	at java.base/jdk.internal.reflect.NativeMethodAccessorImpl.invoke(NativeMethodAccessorImpl.java:77)
	at java.base/jdk.internal.reflect.DelegatingMethodAccessorImpl.invoke(DelegatingMethodAccessorImpl.java:43)
	at java.base/java.lang.reflect.Method.invoke(Method.java:569)
	at org.springframework.web.method.support.InvocableHandlerMethod.doInvoke(InvocableHandlerMethod.java:255)
	at org.springframework.web.method.support.InvocableHandlerMethod.invokeForRequest(InvocableHandlerMethod.java:188)
	at org.springframework.web.servlet.mvc.method.annotation.ServletInvocableHandlerMethod.invokeAndHandle(ServletInvocableHandlerMethod.java:118)
	at org.springframework.web.servlet.mvc.method.annotation.RequestMappingHandlerAdapter.invokeHandlerMethod(RequestMappingHandlerAdapter.java:926)
	at org.springframework.web.servlet.mvc.method.annotation.RequestMappingHandlerAdapter.handleInternal(RequestMappingHandlerAdapter.java:831)
	at org.springframework.web.servlet.mvc.method.AbstractHandlerMethodAdapter.handle(AbstractHandlerMethodAdapter.java:87)
	at org.springframework.web.servlet.DispatcherServlet.doDispatch(DispatcherServlet.java:1089)
	at org.springframework.web.servlet.DispatcherServlet.doService(DispatcherServlet.java:979)
	at org.springframework.web.servlet.FrameworkServlet.processRequest(FrameworkServlet.java:1014)
	at org.springframework.web.servlet.FrameworkServlet.doGet(FrameworkServlet.java:903)
	at jakarta.servlet.http.HttpServlet.service(HttpServlet.java:564)
	at org.springframework.web.servlet.FrameworkServlet.service(FrameworkServlet.java:885)
	at jakarta.servlet.http.HttpServlet.service(HttpServlet.java:658)
	at org.apache.catalina.core.ApplicationFilterChain.internalDoFilter(ApplicationFilterChain.java:195)
	at org.apache.catalina.core.ApplicationFilterChain.doFilter(ApplicationFilterChain.java:140)
	at org.apache.tomcat.websocket.server.WsFilter.doFilter(WsFilter.java:51)
	at org.apache.catalina.core.ApplicationFilterChain.internalDoFilter(ApplicationFilterChain.java:164)
	at org.apache.catalina.core.ApplicationFilterChain.doFilter(ApplicationFilterChain.java:140)
	at org.springframework.web.filter.RequestContextFilter.doFilterInternal(RequestContextFilter.java:100)
	at org.springframework.web.filter.OncePerRequestFilter.doFilter(OncePerRequestFilter.java:116)
	at org.apache.catalina.core.ApplicationFilterChain.internalDoFilter(ApplicationFilterChain.java:164)
	at org.apache.catalina.core.ApplicationFilterChain.doFilter(ApplicationFilterChain.java:140)
	at org.springframework.web.filter.FormContentFilter.doFilterInternal(FormContentFilter.java:93)
	at org.springframework.web.filter.OncePerRequestFilter.doFilter(OncePerRequestFilter.java:116)
	at org.apache.catalina.core.ApplicationFilterChain.internalDoFilter(ApplicationFilterChain.java:164)
	at org.apache.catalina.core.ApplicationFilterChain.doFilter(ApplicationFilterChain.java:140)
	at org.springframework.web.filter.CharacterEncodingFilter.doFilterInternal(CharacterEncodingFilter.java:201)
	at org.springframework.web.filter.OncePerRequestFilter.doFilter(OncePerRequestFilter.java:116)
	at org.apache.catalina.core.ApplicationFilterChain.internalDoFilter(ApplicationFilterChain.java:164)
	at org.apache.catalina.core.ApplicationFilterChain.doFilter(ApplicationFilterChain.java:140)
	at org.apache.catalina.core.StandardWrapperValve.invoke(StandardWrapperValve.java:167)
	at org.apache.catalina.core.StandardContextValve.invoke(StandardContextValve.java:90)
	at org.apache.catalina.authenticator.AuthenticatorBase.invoke(AuthenticatorBase.java:483)
	at org.apache.catalina.core.StandardHostValve.invoke(StandardHostValve.java:115)
	at org.apache.catalina.valves.ErrorReportValve.invoke(ErrorReportValve.java:93)
	at org.apache.catalina.core.StandardEngineValve.invoke(StandardEngineValve.java:74)
	at org.apache.catalina.connector.CoyoteAdapter.service(CoyoteAdapter.java:344)
	at org.apache.coyote.http11.Http11Processor.service(Http11Processor.java:397)
	at org.apache.coyote.AbstractProcessorLight.process(AbstractProcessorLight.java:63)
	at org.apache.coyote.AbstractProtocol$ConnectionHandler.process(AbstractProtocol.java:905)
	at org.apache.tomcat.util.net.NioEndpoint$SocketProcessor.doRun(NioEndpoint.java:1743)
	at org.apache.tomcat.util.net.SocketProcessorBase.run(SocketProcessorBase.java:52)
	at org.apache.tomcat.util.threads.ThreadPoolExecutor.runWorker(ThreadPoolExecutor.java:1190)
	at org.apache.tomcat.util.threads.ThreadPoolExecutor$Worker.run(ThreadPoolExecutor.java:659)
	at org.apache.tomcat.util.threads.TaskThread$WrappingRunnable.run(TaskThread.java:63)
	at java.base/java.lang.Thread.run(Thread.java:840)
2026-05-27 10:02:37.490 [http-nio-8080-exec-6] INFO  com.itheima.controller.EmpController-员工列表查询条件：EmpQueryParam(page=1, pageSize=10, name=, gender=null, begin=null, end=null)
2026-05-27 10:02:37.491 [http-nio-8080-exec-6] ERROR com.itheima.exception.GlobalExceptionHandler-全局异常处理器收到了系统错误：
java.lang.NullPointerException: Cannot invoke "com.itheima.service.EmpService.getPageResult(com.itheima.pojo.EmpQueryParam)" because "empService" is null
	at com.itheima.controller.EmpController.page(EmpController.java:26)
	at java.base/jdk.internal.reflect.NativeMethodAccessorImpl.invoke0(Native Method)
	at java.base/jdk.internal.reflect.NativeMethodAccessorImpl.invoke(NativeMethodAccessorImpl.java:77)
	at java.base/jdk.internal.reflect.DelegatingMethodAccessorImpl.invoke(DelegatingMethodAccessorImpl.java:43)
	at java.base/java.lang.reflect.Method.invoke(Method.java:569)
	at org.springframework.web.method.support.InvocableHandlerMethod.doInvoke(InvocableHandlerMethod.java:255)
	at org.springframework.web.method.support.InvocableHandlerMethod.invokeForRequest(InvocableHandlerMethod.java:188)
	at org.springframework.web.servlet.mvc.method.annotation.ServletInvocableHandlerMethod.invokeAndHandle(ServletInvocableHandlerMethod.java:118)
	at org.springframework.web.servlet.mvc.method.annotation.RequestMappingHandlerAdapter.invokeHandlerMethod(RequestMappingHandlerAdapter.java:926)
	at org.springframework.web.servlet.mvc.method.annotation.RequestMappingHandlerAdapter.handleInternal(RequestMappingHandlerAdapter.java:831)
	at org.springframework.web.servlet.mvc.method.AbstractHandlerMethodAdapter.handle(AbstractHandlerMethodAdapter.java:87)
	at org.springframework.web.servlet.DispatcherServlet.doDispatch(DispatcherServlet.java:1089)
	at org.springframework.web.servlet.DispatcherServlet.doService(DispatcherServlet.java:979)
	at org.springframework.web.servlet.FrameworkServlet.processRequest(FrameworkServlet.java:1014)
	at org.springframework.web.servlet.FrameworkServlet.doGet(FrameworkServlet.java:903)
	at jakarta.servlet.http.HttpServlet.service(HttpServlet.java:564)
	at org.springframework.web.servlet.FrameworkServlet.service(FrameworkServlet.java:885)
	at jakarta.servlet.http.HttpServlet.service(HttpServlet.java:658)
	at org.apache.catalina.core.ApplicationFilterChain.internalDoFilter(ApplicationFilterChain.java:195)
	at org.apache.catalina.core.ApplicationFilterChain.doFilter(ApplicationFilterChain.java:140)
	at org.apache.tomcat.websocket.server.WsFilter.doFilter(WsFilter.java:51)
	at org.apache.catalina.core.ApplicationFilterChain.internalDoFilter(ApplicationFilterChain.java:164)
	at org.apache.catalina.core.ApplicationFilterChain.doFilter(ApplicationFilterChain.java:140)
	at org.springframework.web.filter.RequestContextFilter.doFilterInternal(RequestContextFilter.java:100)
	at org.springframework.web.filter.OncePerRequestFilter.doFilter(OncePerRequestFilter.java:116)
	at org.apache.catalina.core.ApplicationFilterChain.internalDoFilter(ApplicationFilterChain.java:164)
	at org.apache.catalina.core.ApplicationFilterChain.doFilter(ApplicationFilterChain.java:140)
	at org.springframework.web.filter.FormContentFilter.doFilterInternal(FormContentFilter.java:93)
	at org.springframework.web.filter.OncePerRequestFilter.doFilter(OncePerRequestFilter.java:116)
	at org.apache.catalina.core.ApplicationFilterChain.internalDoFilter(ApplicationFilterChain.java:164)
	at org.apache.catalina.core.ApplicationFilterChain.doFilter(ApplicationFilterChain.java:140)
	at org.springframework.web.filter.CharacterEncodingFilter.doFilterInternal(CharacterEncodingFilter.java:201)
	at org.springframework.web.filter.OncePerRequestFilter.doFilter(OncePerRequestFilter.java:116)
	at org.apache.catalina.core.ApplicationFilterChain.internalDoFilter(ApplicationFilterChain.java:164)
	at org.apache.catalina.core.ApplicationFilterChain.doFilter(ApplicationFilterChain.java:140)
	at org.apache.catalina.core.StandardWrapperValve.invoke(StandardWrapperValve.java:167)
	at org.apache.catalina.core.StandardContextValve.invoke(StandardContextValve.java:90)
	at org.apache.catalina.authenticator.AuthenticatorBase.invoke(AuthenticatorBase.java:483)
	at org.apache.catalina.core.StandardHostValve.invoke(StandardHostValve.java:115)
	at org.apache.catalina.valves.ErrorReportValve.invoke(ErrorReportValve.java:93)
	at org.apache.catalina.core.StandardEngineValve.invoke(StandardEngineValve.java:74)
	at org.apache.catalina.connector.CoyoteAdapter.service(CoyoteAdapter.java:344)
	at org.apache.coyote.http11.Http11Processor.service(Http11Processor.java:397)
	at org.apache.coyote.AbstractProcessorLight.process(AbstractProcessorLight.java:63)
	at org.apache.coyote.AbstractProtocol$ConnectionHandler.process(AbstractProtocol.java:905)
	at org.apache.tomcat.util.net.NioEndpoint$SocketProcessor.doRun(NioEndpoint.java:1743)
	at org.apache.tomcat.util.net.SocketProcessorBase.run(SocketProcessorBase.java:52)
	at org.apache.tomcat.util.threads.ThreadPoolExecutor.runWorker(ThreadPoolExecutor.java:1190)
	at org.apache.tomcat.util.threads.ThreadPoolExecutor$Worker.run(ThreadPoolExecutor.java:659)
	at org.apache.tomcat.util.threads.TaskThread$WrappingRunnable.run(TaskThread.java:63)
	at java.base/java.lang.Thread.run(Thread.java:840)
2026-05-27 10:05:58.576 [SpringApplicationShutdownHook] INFO  com.zaxxer.hikari.HikariDataSource-HikariPool-1 - Shutdown initiated...
2026-05-27 10:05:58.592 [SpringApplicationShutdownHook] INFO  com.zaxxer.hikari.HikariDataSource-HikariPool-1 - Shutdown completed.
2026-05-27 10:06:03.538 [main] INFO  com.itheima.TliasWebManagementApplication-Starting TliasWebManagementApplication using Java 17.0.13 with PID 24760 (C:\shixun\Talis\target\classes started by 徐坤 in C:\shixun\Talis)
2026-05-27 10:06:03.541 [main] INFO  com.itheima.TliasWebManagementApplication-No active profile set, falling back to 1 default profile: "default"
2026-05-27 10:06:04.533 [main] INFO  o.s.boot.web.embedded.tomcat.TomcatWebServer-Tomcat initialized with port 8080 (http)
2026-05-27 10:06:04.544 [main] INFO  org.apache.coyote.http11.Http11NioProtocol-Initializing ProtocolHandler ["http-nio-8080"]
2026-05-27 10:06:04.546 [main] INFO  org.apache.catalina.core.StandardService-Starting service [Tomcat]
2026-05-27 10:06:04.547 [main] INFO  org.apache.catalina.core.StandardEngine-Starting Servlet engine: [Apache Tomcat/10.1.39]
2026-05-27 10:06:04.603 [main] INFO  o.a.c.core.ContainerBase.[Tomcat].[localhost].[/]-Initializing Spring embedded WebApplicationContext
2026-05-27 10:06:04.604 [main] INFO  o.s.b.w.s.c.ServletWebServerApplicationContext-Root WebApplicationContext: initialization completed in 1016 ms
2026-05-27 10:06:05.178 [main] INFO  o.s.b.a.web.servlet.WelcomePageHandlerMapping-Adding welcome page: class path resource [static/index.html]
2026-05-27 10:06:05.457 [main] INFO  org.apache.coyote.http11.Http11NioProtocol-Starting ProtocolHandler ["http-nio-8080"]
2026-05-27 10:06:05.475 [main] INFO  o.s.boot.web.embedded.tomcat.TomcatWebServer-Tomcat started on port 8080 (http) with context path '/'
2026-05-27 10:06:05.485 [main] INFO  com.itheima.TliasWebManagementApplication-Started TliasWebManagementApplication in 2.38 seconds (process running for 3.158)
2026-05-27 10:06:12.847 [http-nio-8080-exec-1] INFO  o.a.c.core.ContainerBase.[Tomcat].[localhost].[/]-Initializing Spring DispatcherServlet 'dispatcherServlet'
2026-05-27 10:06:12.854 [http-nio-8080-exec-1] INFO  org.springframework.web.servlet.DispatcherServlet-Initializing Servlet 'dispatcherServlet'
2026-05-27 10:06:12.854 [http-nio-8080-exec-1] INFO  org.springframework.web.servlet.DispatcherServlet-Completed initialization in 0 ms
2026-05-27 10:06:12.910 [http-nio-8080-exec-1] INFO  com.itheima.controller.EmpController-查询员工列表
2026-05-27 10:06:12.938 [http-nio-8080-exec-4] INFO  com.itheima.controller.ClazzController-查询班级列表
2026-05-27 10:06:13.094 [http-nio-8080-exec-1] INFO  com.zaxxer.hikari.HikariDataSource-HikariPool-1 - Starting...
2026-05-27 10:06:13.109 [http-nio-8080-exec-8] INFO  com.itheima.controller.ClazzController-查询全部班级
2026-05-27 10:06:13.132 [http-nio-8080-exec-6] INFO  com.itheima.controller.StudentController-查询所有学生信息：StudentQueryParam(page=1, pageSize=10, name=, degree=null, clazzId=null)
2026-05-27 10:06:13.423 [http-nio-8080-exec-1] INFO  com.zaxxer.hikari.pool.HikariPool-HikariPool-1 - Added connection com.mysql.cj.jdbc.ConnectionImpl@6546979
2026-05-27 10:06:13.430 [http-nio-8080-exec-1] INFO  com.zaxxer.hikari.HikariDataSource-HikariPool-1 - Start completed.
2026-05-27 10:06:14.194 [http-nio-8080-exec-3] INFO  com.itheima.controller.DeptController-查询所有部门数据
2026-05-27 10:06:14.194 [http-nio-8080-exec-9] INFO  com.itheima.controller.EmpController-员工列表查询条件：EmpQueryParam(page=1, pageSize=10, name=, gender=null, begin=null, end=null)
2026-05-27 10:06:17.021 [http-nio-8080-exec-7] INFO  com.itheima.controller.DeptController-查询所有部门数据
2026-05-27 10:06:18.288 [http-nio-8080-exec-2] INFO  com.itheima.controller.EmpController-员工列表查询条件：EmpQueryParam(page=1, pageSize=10, name=, gender=null, begin=null, end=null)
2026-05-27 10:06:18.288 [http-nio-8080-exec-5] INFO  com.itheima.controller.DeptController-查询所有部门数据
2026-05-27 10:09:21.377 [SpringApplicationShutdownHook] INFO  com.zaxxer.hikari.HikariDataSource-HikariPool-1 - Shutdown initiated...
2026-05-27 10:09:21.391 [SpringApplicationShutdownHook] INFO  com.zaxxer.hikari.HikariDataSource-HikariPool-1 - Shutdown completed.
2026-05-27 10:09:26.177 [main] INFO  com.itheima.TliasWebManagementApplication-Starting TliasWebManagementApplication using Java 17.0.13 with PID 1712 (C:\shixun\Talis\target\classes started by 徐坤 in C:\shixun\Talis)
2026-05-27 10:09:26.180 [main] INFO  com.itheima.TliasWebManagementApplication-No active profile set, falling back to 1 default profile: "default"
2026-05-27 10:09:27.250 [main] INFO  o.s.boot.web.embedded.tomcat.TomcatWebServer-Tomcat initialized with port 8080 (http)
2026-05-27 10:09:27.265 [main] INFO  org.apache.coyote.http11.Http11NioProtocol-Initializing ProtocolHandler ["http-nio-8080"]
2026-05-27 10:09:27.267 [main] INFO  org.apache.catalina.core.StandardService-Starting service [Tomcat]
2026-05-27 10:09:27.267 [main] INFO  org.apache.catalina.core.StandardEngine-Starting Servlet engine: [Apache Tomcat/10.1.39]
2026-05-27 10:09:27.334 [main] INFO  o.a.c.core.ContainerBase.[Tomcat].[localhost].[/]-Initializing Spring embedded WebApplicationContext
2026-05-27 10:09:27.335 [main] INFO  o.s.b.w.s.c.ServletWebServerApplicationContext-Root WebApplicationContext: initialization completed in 1109 ms
2026-05-27 10:09:27.853 [main] INFO  o.s.b.a.web.servlet.WelcomePageHandlerMapping-Adding welcome page: class path resource [static/index.html]
2026-05-27 10:09:28.122 [main] INFO  org.apache.coyote.http11.Http11NioProtocol-Starting ProtocolHandler ["http-nio-8080"]
2026-05-27 10:09:28.144 [main] INFO  o.s.boot.web.embedded.tomcat.TomcatWebServer-Tomcat started on port 8080 (http) with context path '/'
2026-05-27 10:09:28.154 [main] INFO  com.itheima.TliasWebManagementApplication-Started TliasWebManagementApplication in 2.403 seconds (process running for 3.176)
2026-05-27 10:09:34.514 [http-nio-8080-exec-1] INFO  o.a.c.core.ContainerBase.[Tomcat].[localhost].[/]-Initializing Spring DispatcherServlet 'dispatcherServlet'
2026-05-27 10:09:34.514 [http-nio-8080-exec-1] INFO  org.springframework.web.servlet.DispatcherServlet-Initializing Servlet 'dispatcherServlet'
2026-05-27 10:09:34.520 [http-nio-8080-exec-1] INFO  org.springframework.web.servlet.DispatcherServlet-Completed initialization in 6 ms
2026-05-27 10:09:34.576 [http-nio-8080-exec-2] INFO  com.itheima.controller.EmpController-查询员工列表
2026-05-27 10:09:34.604 [http-nio-8080-exec-1] INFO  com.itheima.controller.ClazzController-查询班级列表
2026-05-27 10:09:34.760 [http-nio-8080-exec-7] INFO  com.itheima.controller.ClazzController-查询全部班级
2026-05-27 10:09:34.778 [http-nio-8080-exec-2] INFO  com.zaxxer.hikari.HikariDataSource-HikariPool-1 - Starting...
2026-05-27 10:09:34.775 [http-nio-8080-exec-5] INFO  com.itheima.controller.StudentController-查询所有学生信息：StudentQueryParam(page=1, pageSize=10, name=, degree=null, clazzId=null)
2026-05-27 10:09:35.092 [http-nio-8080-exec-2] INFO  com.zaxxer.hikari.pool.HikariPool-HikariPool-1 - Added connection com.mysql.cj.jdbc.ConnectionImpl@19dcf27d
2026-05-27 10:09:35.097 [http-nio-8080-exec-2] INFO  com.zaxxer.hikari.HikariDataSource-HikariPool-1 - Start completed.
2026-05-27 10:09:35.632 [http-nio-8080-exec-3] INFO  com.itheima.controller.DeptController-查询所有部门数据
2026-05-27 10:09:36.320 [http-nio-8080-exec-4] INFO  com.itheima.controller.DeptController-查询所有部门数据
2026-05-27 10:09:36.326 [http-nio-8080-exec-6] INFO  com.itheima.controller.EmpController-员工列表查询条件：EmpQueryParam(page=1, pageSize=10, name=, gender=null, begin=null, end=null)
2026-05-27 10:12:52.285 [SpringApplicationShutdownHook] INFO  com.zaxxer.hikari.HikariDataSource-HikariPool-1 - Shutdown initiated...
2026-05-27 10:12:52.314 [SpringApplicationShutdownHook] INFO  com.zaxxer.hikari.HikariDataSource-HikariPool-1 - Shutdown completed.
2026-05-27 10:17:20.894 [main] INFO  com.itheima.TliasWebManagementApplication-Starting TliasWebManagementApplication using Java 17.0.13 with PID 10652 (C:\shixun\Talis\target\classes started by 徐坤 in C:\shixun\Talis)
2026-05-27 10:17:20.900 [main] INFO  com.itheima.TliasWebManagementApplication-No active profile set, falling back to 1 default profile: "default"
2026-05-27 10:17:22.292 [main] INFO  o.s.boot.web.embedded.tomcat.TomcatWebServer-Tomcat initialized with port 8080 (http)
2026-05-27 10:17:22.309 [main] INFO  org.apache.coyote.http11.Http11NioProtocol-Initializing ProtocolHandler ["http-nio-8080"]
2026-05-27 10:17:22.311 [main] INFO  org.apache.catalina.core.StandardService-Starting service [Tomcat]
2026-05-27 10:17:22.312 [main] INFO  org.apache.catalina.core.StandardEngine-Starting Servlet engine: [Apache Tomcat/10.1.39]
2026-05-27 10:17:22.380 [main] INFO  o.a.c.core.ContainerBase.[Tomcat].[localhost].[/]-Initializing Spring embedded WebApplicationContext
2026-05-27 10:17:22.381 [main] INFO  o.s.b.w.s.c.ServletWebServerApplicationContext-Root WebApplicationContext: initialization completed in 1393 ms
2026-05-27 10:17:22.994 [main] INFO  o.s.b.a.web.servlet.WelcomePageHandlerMapping-Adding welcome page: class path resource [static/index.html]
2026-05-27 10:17:23.288 [main] INFO  org.apache.coyote.http11.Http11NioProtocol-Starting ProtocolHandler ["http-nio-8080"]
2026-05-27 10:17:23.312 [main] INFO  o.s.boot.web.embedded.tomcat.TomcatWebServer-Tomcat started on port 8080 (http) with context path '/'
2026-05-27 10:17:23.322 [main] INFO  com.itheima.TliasWebManagementApplication-Started TliasWebManagementApplication in 3.104 seconds (process running for 4.156)
2026-05-27 10:17:29.676 [http-nio-8080-exec-2] INFO  o.a.c.core.ContainerBase.[Tomcat].[localhost].[/]-Initializing Spring DispatcherServlet 'dispatcherServlet'
2026-05-27 10:17:29.678 [http-nio-8080-exec-2] INFO  org.springframework.web.servlet.DispatcherServlet-Initializing Servlet 'dispatcherServlet'
2026-05-27 10:17:29.680 [http-nio-8080-exec-2] INFO  org.springframework.web.servlet.DispatcherServlet-Completed initialization in 1 ms
2026-05-27 10:17:29.732 [http-nio-8080-exec-1] INFO  com.itheima.controller.DeptController-查询所有部门数据
2026-05-27 10:17:29.761 [http-nio-8080-exec-2] INFO  com.itheima.controller.EmpController-员工列表查询条件：EmpQueryParam(page=1, pageSize=10, name=, gender=null, begin=null, end=null)
2026-05-27 10:17:29.861 [http-nio-8080-exec-1] INFO  com.zaxxer.hikari.HikariDataSource-HikariPool-1 - Starting...
2026-05-27 10:17:30.104 [http-nio-8080-exec-1] INFO  com.zaxxer.hikari.pool.HikariPool-HikariPool-1 - Added connection com.mysql.cj.jdbc.ConnectionImpl@7bef99d1
2026-05-27 10:17:30.107 [http-nio-8080-exec-1] INFO  com.zaxxer.hikari.HikariDataSource-HikariPool-1 - Start completed.
2026-05-27 10:17:32.533 [http-nio-8080-exec-7] INFO  com.itheima.controller.ClazzController-查询班级列表
2026-05-27 10:17:32.545 [http-nio-8080-exec-3] INFO  com.itheima.controller.EmpController-查询员工列表
2026-05-27 10:17:33.552 [http-nio-8080-exec-5] INFO  com.itheima.controller.DeptController-查询所有部门数据
2026-05-27 10:17:33.975 [http-nio-8080-exec-4] INFO  com.itheima.controller.DeptController-查询所有部门数据
2026-05-27 10:17:33.976 [http-nio-8080-exec-6] INFO  com.itheima.controller.EmpController-员工列表查询条件：EmpQueryParam(page=1, pageSize=10, name=, gender=null, begin=null, end=null)
2026-05-27 10:17:41.505 [http-nio-8080-exec-8] INFO  com.itheima.controller.EmpController-员工列表查询条件：EmpQueryParam(page=1, pageSize=10, name=李, gender=null, begin=null, end=null)
2026-05-27 10:17:52.878 [http-nio-8080-exec-9] INFO  com.itheima.controller.EmpController-员工列表查询条件：EmpQueryParam(page=1, pageSize=10, name=宋, gender=null, begin=null, end=null)
2026-05-27 10:24:25.939 [SpringApplicationShutdownHook] INFO  com.zaxxer.hikari.HikariDataSource-HikariPool-1 - Shutdown initiated...
2026-05-27 10:24:25.952 [SpringApplicationShutdownHook] INFO  com.zaxxer.hikari.HikariDataSource-HikariPool-1 - Shutdown completed.
2026-05-27 10:24:37.200 [main] INFO  com.itheima.TliasWebManagementApplication-Starting TliasWebManagementApplication using Java 17.0.13 with PID 17996 (C:\shixun\Talis\target\classes started by 徐坤 in C:\shixun\Talis)
2026-05-27 10:24:37.203 [main] INFO  com.itheima.TliasWebManagementApplication-No active profile set, falling back to 1 default profile: "default"
2026-05-27 10:24:38.343 [main] INFO  o.s.boot.web.embedded.tomcat.TomcatWebServer-Tomcat initialized with port 8080 (http)
2026-05-27 10:24:38.356 [main] INFO  org.apache.coyote.http11.Http11NioProtocol-Initializing ProtocolHandler ["http-nio-8080"]
2026-05-27 10:24:38.358 [main] INFO  org.apache.catalina.core.StandardService-Starting service [Tomcat]
2026-05-27 10:24:38.358 [main] INFO  org.apache.catalina.core.StandardEngine-Starting Servlet engine: [Apache Tomcat/10.1.39]
2026-05-27 10:24:38.427 [main] INFO  o.a.c.core.ContainerBase.[Tomcat].[localhost].[/]-Initializing Spring embedded WebApplicationContext
2026-05-27 10:24:38.427 [main] INFO  o.s.b.w.s.c.ServletWebServerApplicationContext-Root WebApplicationContext: initialization completed in 1170 ms
2026-05-27 10:24:39.200 [main] INFO  o.s.b.a.web.servlet.WelcomePageHandlerMapping-Adding welcome page: class path resource [static/index.html]
2026-05-27 10:24:39.538 [main] INFO  org.apache.coyote.http11.Http11NioProtocol-Starting ProtocolHandler ["http-nio-8080"]
2026-05-27 10:24:39.561 [main] INFO  o.s.boot.web.embedded.tomcat.TomcatWebServer-Tomcat started on port 8080 (http) with context path '/'
2026-05-27 10:24:39.570 [main] INFO  com.itheima.TliasWebManagementApplication-Started TliasWebManagementApplication in 2.856 seconds (process running for 3.879)
2026-05-27 10:24:48.354 [http-nio-8080-exec-1] INFO  o.a.c.core.ContainerBase.[Tomcat].[localhost].[/]-Initializing Spring DispatcherServlet 'dispatcherServlet'
2026-05-27 10:24:48.354 [http-nio-8080-exec-1] INFO  org.springframework.web.servlet.DispatcherServlet-Initializing Servlet 'dispatcherServlet'
2026-05-27 10:24:48.356 [http-nio-8080-exec-1] INFO  org.springframework.web.servlet.DispatcherServlet-Completed initialization in 1 ms
2026-05-27 10:24:48.418 [http-nio-8080-exec-1] INFO  com.itheima.controller.EmpController-查询员工列表
2026-05-27 10:24:48.445 [http-nio-8080-exec-2] INFO  com.itheima.controller.ClazzController-查询班级列表
2026-05-27 10:24:48.612 [http-nio-8080-exec-1] INFO  com.zaxxer.hikari.HikariDataSource-HikariPool-1 - Starting...
2026-05-27 10:24:48.624 [http-nio-8080-exec-4] INFO  com.itheima.controller.ClazzController-查询全部班级
2026-05-27 10:24:48.640 [http-nio-8080-exec-3] INFO  com.itheima.controller.StudentController-查询所有学生信息：StudentQueryParam(page=1, pageSize=10, name=, degree=null, clazzId=null)
2026-05-27 10:24:48.961 [http-nio-8080-exec-1] INFO  com.zaxxer.hikari.pool.HikariPool-HikariPool-1 - Added connection com.mysql.cj.jdbc.ConnectionImpl@5900fee4
2026-05-27 10:24:48.966 [http-nio-8080-exec-1] INFO  com.zaxxer.hikari.HikariDataSource-HikariPool-1 - Start completed.
2026-05-27 10:24:49.526 [http-nio-8080-exec-7] INFO  com.itheima.controller.DeptController-查询所有部门数据
2026-05-27 10:24:50.090 [http-nio-8080-exec-5] INFO  com.itheima.controller.DeptController-查询所有部门数据
2026-05-27 10:24:50.093 [http-nio-8080-exec-10] INFO  com.itheima.controller.EmpController-员工列表查询条件：EmpQueryParam(page=1, pageSize=10, name=, gender=null, begin=null, end=null)
2026-05-27 10:24:51.876 [http-nio-8080-exec-9] INFO  com.itheima.controller.ReportController-员工性别人数统计
2026-05-27 10:24:51.875 [http-nio-8080-exec-8] INFO  com.itheima.controller.ReportController-员工职位人数统计
2026-05-27 10:24:52.179 [http-nio-8080-exec-6] INFO  com.itheima.controller.ReportController-班级人数统计...
2026-05-27 10:24:52.180 [http-nio-8080-exec-2] INFO  com.itheima.controller.ReportController-学员学历统计...
2026-05-27 10:24:52.438 [http-nio-8080-exec-4] ERROR com.itheima.exception.GlobalExceptionHandler-全局异常处理器收到了系统错误：
org.springframework.web.servlet.resource.NoResourceFoundException: No static resource log/page.
	at org.springframework.web.servlet.resource.ResourceHttpRequestHandler.handleRequest(ResourceHttpRequestHandler.java:586)
	at org.springframework.web.servlet.mvc.HttpRequestHandlerAdapter.handle(HttpRequestHandlerAdapter.java:52)
	at org.springframework.web.servlet.DispatcherServlet.doDispatch(DispatcherServlet.java:1089)
	at org.springframework.web.servlet.DispatcherServlet.doService(DispatcherServlet.java:979)
	at org.springframework.web.servlet.FrameworkServlet.processRequest(FrameworkServlet.java:1014)
	at org.springframework.web.servlet.FrameworkServlet.doGet(FrameworkServlet.java:903)
	at jakarta.servlet.http.HttpServlet.service(HttpServlet.java:564)
	at org.springframework.web.servlet.FrameworkServlet.service(FrameworkServlet.java:885)
	at jakarta.servlet.http.HttpServlet.service(HttpServlet.java:658)
	at org.apache.catalina.core.ApplicationFilterChain.internalDoFilter(ApplicationFilterChain.java:195)
	at org.apache.catalina.core.ApplicationFilterChain.doFilter(ApplicationFilterChain.java:140)
	at org.apache.tomcat.websocket.server.WsFilter.doFilter(WsFilter.java:51)
	at org.apache.catalina.core.ApplicationFilterChain.internalDoFilter(ApplicationFilterChain.java:164)
	at org.apache.catalina.core.ApplicationFilterChain.doFilter(ApplicationFilterChain.java:140)
	at org.springframework.web.filter.RequestContextFilter.doFilterInternal(RequestContextFilter.java:100)
	at org.springframework.web.filter.OncePerRequestFilter.doFilter(OncePerRequestFilter.java:116)
	at org.apache.catalina.core.ApplicationFilterChain.internalDoFilter(ApplicationFilterChain.java:164)
	at org.apache.catalina.core.ApplicationFilterChain.doFilter(ApplicationFilterChain.java:140)
	at org.springframework.web.filter.FormContentFilter.doFilterInternal(FormContentFilter.java:93)
	at org.springframework.web.filter.OncePerRequestFilter.doFilter(OncePerRequestFilter.java:116)
	at org.apache.catalina.core.ApplicationFilterChain.internalDoFilter(ApplicationFilterChain.java:164)
	at org.apache.catalina.core.ApplicationFilterChain.doFilter(ApplicationFilterChain.java:140)
	at org.springframework.web.filter.CharacterEncodingFilter.doFilterInternal(CharacterEncodingFilter.java:201)
	at org.springframework.web.filter.OncePerRequestFilter.doFilter(OncePerRequestFilter.java:116)
	at org.apache.catalina.core.ApplicationFilterChain.internalDoFilter(ApplicationFilterChain.java:164)
	at org.apache.catalina.core.ApplicationFilterChain.doFilter(ApplicationFilterChain.java:140)
	at org.apache.catalina.core.StandardWrapperValve.invoke(StandardWrapperValve.java:167)
	at org.apache.catalina.core.StandardContextValve.invoke(StandardContextValve.java:90)
	at org.apache.catalina.authenticator.AuthenticatorBase.invoke(AuthenticatorBase.java:483)
	at org.apache.catalina.core.StandardHostValve.invoke(StandardHostValve.java:115)
	at org.apache.catalina.valves.ErrorReportValve.invoke(ErrorReportValve.java:93)
	at org.apache.catalina.core.StandardEngineValve.invoke(StandardEngineValve.java:74)
	at org.apache.catalina.connector.CoyoteAdapter.service(CoyoteAdapter.java:344)
	at org.apache.coyote.http11.Http11Processor.service(Http11Processor.java:397)
	at org.apache.coyote.AbstractProcessorLight.process(AbstractProcessorLight.java:63)
	at org.apache.coyote.AbstractProtocol$ConnectionHandler.process(AbstractProtocol.java:905)
	at org.apache.tomcat.util.net.NioEndpoint$SocketProcessor.doRun(NioEndpoint.java:1743)
	at org.apache.tomcat.util.net.SocketProcessorBase.run(SocketProcessorBase.java:52)
	at org.apache.tomcat.util.threads.ThreadPoolExecutor.runWorker(ThreadPoolExecutor.java:1190)
	at org.apache.tomcat.util.threads.ThreadPoolExecutor$Worker.run(ThreadPoolExecutor.java:659)
	at org.apache.tomcat.util.threads.TaskThread$WrappingRunnable.run(TaskThread.java:63)
	at java.base/java.lang.Thread.run(Thread.java:840)
2026-05-27 10:24:52.814 [http-nio-8080-exec-3] INFO  com.itheima.controller.DeptController-查询所有部门数据
2026-05-27 10:24:53.078 [http-nio-8080-exec-1] INFO  com.itheima.controller.EmpController-员工列表查询条件：EmpQueryParam(page=1, pageSize=10, name=, gender=null, begin=null, end=null)
2026-05-27 10:24:53.086 [http-nio-8080-exec-7] INFO  com.itheima.controller.DeptController-查询所有部门数据
2026-05-27 10:24:55.321 [http-nio-8080-exec-5] INFO  com.itheima.controller.EmpController-员工列表查询条件：EmpQueryParam(page=1, pageSize=10, name=李, gender=null, begin=null, end=null)
2026-05-27 10:25:50.964 [http-nio-8080-exec-10] INFO  com.itheima.controller.EmpController-新增员工，员工信息：Emp(id=null, username=一只热水, password=null, name=肖翔, gender=1, phone=13870095281, job=null, salary=null, image=, entryDate=null, deptId=null, createTime=null, updateTime=null, deptName=null, exprList=[])
2026-05-27 10:25:51.015 [http-nio-8080-exec-10] DEBUG o.s.jdbc.support.JdbcTransactionManager-Creating new transaction with name [com.itheima.service.impl.EmpServiceImpl.saveEmp]: PROPAGATION_REQUIRED,ISOLATION_DEFAULT,-java.lang.Exception
2026-05-27 10:25:51.022 [http-nio-8080-exec-10] DEBUG o.s.jdbc.support.JdbcTransactionManager-Acquired Connection [HikariProxyConnection@206857188 wrapping com.mysql.cj.jdbc.ConnectionImpl@5900fee4] for JDBC transaction
2026-05-27 10:25:51.027 [http-nio-8080-exec-10] DEBUG o.s.jdbc.support.JdbcTransactionManager-Switching JDBC Connection [HikariProxyConnection@206857188 wrapping com.mysql.cj.jdbc.ConnectionImpl@5900fee4] to manual commit
2026-05-27 10:25:51.297 [http-nio-8080-exec-10] DEBUG o.s.jdbc.support.JdbcTransactionManager-Initiating transaction rollback
2026-05-27 10:25:51.298 [http-nio-8080-exec-10] DEBUG o.s.jdbc.support.JdbcTransactionManager-Rolling back JDBC transaction on Connection [HikariProxyConnection@206857188 wrapping com.mysql.cj.jdbc.ConnectionImpl@5900fee4]
2026-05-27 10:25:51.300 [http-nio-8080-exec-10] DEBUG o.s.jdbc.support.JdbcTransactionManager-Releasing JDBC Connection [HikariProxyConnection@206857188 wrapping com.mysql.cj.jdbc.ConnectionImpl@5900fee4] after transaction
2026-05-27 10:25:51.302 [http-nio-8080-exec-10] ERROR com.itheima.exception.GlobalExceptionHandler-全局异常处理器收到了系统错误：
org.springframework.dao.DataIntegrityViolationException: 
### Error updating database.  Cause: com.mysql.cj.jdbc.exceptions.MysqlDataTruncation: Data truncation: Out of range value for column 'id' at row 1
### The error may exist in com/itheima/mapper/EmpMapper.java (best guess)
### The error may involve com.itheima.mapper.EmpMapper.insert-Inline
### The error occurred while setting parameters
### SQL: INSERT INTO emp  ( id, username,  name, gender, phone,   image,   create_time, update_time )  VALUES (  ?, ?,  ?, ?, ?,   ?,   ?, ?  )
### Cause: com.mysql.cj.jdbc.exceptions.MysqlDataTruncation: Data truncation: Out of range value for column 'id' at row 1
; Data truncation: Out of range value for column 'id' at row 1
	at org.springframework.jdbc.support.SQLStateSQLExceptionTranslator.doTranslate(SQLStateSQLExceptionTranslator.java:118)
	at org.springframework.jdbc.support.AbstractFallbackSQLExceptionTranslator.translate(AbstractFallbackSQLExceptionTranslator.java:107)
	at org.springframework.jdbc.support.AbstractFallbackSQLExceptionTranslator.translate(AbstractFallbackSQLExceptionTranslator.java:116)
	at org.springframework.jdbc.support.AbstractFallbackSQLExceptionTranslator.translate(AbstractFallbackSQLExceptionTranslator.java:116)
	at org.mybatis.spring.MyBatisExceptionTranslator.translateExceptionIfPossible(MyBatisExceptionTranslator.java:93)
	at org.mybatis.spring.SqlSessionTemplate$SqlSessionInterceptor.invoke(SqlSessionTemplate.java:347)
	at jdk.proxy2/jdk.proxy2.$Proxy72.insert(Unknown Source)
	at org.mybatis.spring.SqlSessionTemplate.insert(SqlSessionTemplate.java:224)
	at com.baomidou.mybatisplus.core.override.MybatisMapperMethod.execute(MybatisMapperMethod.java:59)
	at com.baomidou.mybatisplus.core.override.MybatisMapperProxy$PlainMethodInvoker.invoke(MybatisMapperProxy.java:155)
	at com.baomidou.mybatisplus.core.override.MybatisMapperProxy.invoke(MybatisMapperProxy.java:92)
	at jdk.proxy2/jdk.proxy2.$Proxy76.insert(Unknown Source)
	at com.baomidou.mybatisplus.extension.repository.IRepository.save(IRepository.java:37)
	at com.itheima.service.impl.EmpServiceImpl.saveEmp(EmpServiceImpl.java:69)
	at java.base/jdk.internal.reflect.NativeMethodAccessorImpl.invoke0(Native Method)
	at java.base/jdk.internal.reflect.NativeMethodAccessorImpl.invoke(NativeMethodAccessorImpl.java:77)
	at java.base/jdk.internal.reflect.DelegatingMethodAccessorImpl.invoke(DelegatingMethodAccessorImpl.java:43)
	at java.base/java.lang.reflect.Method.invoke(Method.java:569)
	at org.springframework.aop.support.AopUtils.invokeJoinpointUsingReflection(AopUtils.java:355)
	at org.springframework.aop.framework.ReflectiveMethodInvocation.invokeJoinpoint(ReflectiveMethodInvocation.java:196)
	at org.springframework.aop.framework.ReflectiveMethodInvocation.proceed(ReflectiveMethodInvocation.java:163)
	at org.springframework.aop.framework.CglibAopProxy$CglibMethodInvocation.proceed(CglibAopProxy.java:768)
	at org.springframework.transaction.interceptor.TransactionAspectSupport.invokeWithinTransaction(TransactionAspectSupport.java:379)
	at org.springframework.transaction.interceptor.TransactionInterceptor.invoke(TransactionInterceptor.java:119)
	at org.springframework.aop.framework.ReflectiveMethodInvocation.proceed(ReflectiveMethodInvocation.java:184)
	at org.springframework.aop.framework.CglibAopProxy$CglibMethodInvocation.proceed(CglibAopProxy.java:768)
	at org.springframework.aop.framework.CglibAopProxy$DynamicAdvisedInterceptor.intercept(CglibAopProxy.java:720)
	at com.itheima.service.impl.EmpServiceImpl$$SpringCGLIB$$0.saveEmp(<generated>)
	at com.itheima.controller.EmpController.save(EmpController.java:43)
	at java.base/jdk.internal.reflect.NativeMethodAccessorImpl.invoke0(Native Method)
	at java.base/jdk.internal.reflect.NativeMethodAccessorImpl.invoke(NativeMethodAccessorImpl.java:77)
	at java.base/jdk.internal.reflect.DelegatingMethodAccessorImpl.invoke(DelegatingMethodAccessorImpl.java:43)
	at java.base/java.lang.reflect.Method.invoke(Method.java:569)
	at org.springframework.web.method.support.InvocableHandlerMethod.doInvoke(InvocableHandlerMethod.java:255)
	at org.springframework.web.method.support.InvocableHandlerMethod.invokeForRequest(InvocableHandlerMethod.java:188)
	at org.springframework.web.servlet.mvc.method.annotation.ServletInvocableHandlerMethod.invokeAndHandle(ServletInvocableHandlerMethod.java:118)
	at org.springframework.web.servlet.mvc.method.annotation.RequestMappingHandlerAdapter.invokeHandlerMethod(RequestMappingHandlerAdapter.java:926)
	at org.springframework.web.servlet.mvc.method.annotation.RequestMappingHandlerAdapter.handleInternal(RequestMappingHandlerAdapter.java:831)
	at org.springframework.web.servlet.mvc.method.AbstractHandlerMethodAdapter.handle(AbstractHandlerMethodAdapter.java:87)
	at org.springframework.web.servlet.DispatcherServlet.doDispatch(DispatcherServlet.java:1089)
	at org.springframework.web.servlet.DispatcherServlet.doService(DispatcherServlet.java:979)
	at org.springframework.web.servlet.FrameworkServlet.processRequest(FrameworkServlet.java:1014)
	at org.springframework.web.servlet.FrameworkServlet.doPost(FrameworkServlet.java:914)
	at jakarta.servlet.http.HttpServlet.service(HttpServlet.java:590)
	at org.springframework.web.servlet.FrameworkServlet.service(FrameworkServlet.java:885)
	at jakarta.servlet.http.HttpServlet.service(HttpServlet.java:658)
	at org.apache.catalina.core.ApplicationFilterChain.internalDoFilter(ApplicationFilterChain.java:195)
	at org.apache.catalina.core.ApplicationFilterChain.doFilter(ApplicationFilterChain.java:140)
	at org.apache.tomcat.websocket.server.WsFilter.doFilter(WsFilter.java:51)
	at org.apache.catalina.core.ApplicationFilterChain.internalDoFilter(ApplicationFilterChain.java:164)
	at org.apache.catalina.core.ApplicationFilterChain.doFilter(ApplicationFilterChain.java:140)
	at org.springframework.web.filter.RequestContextFilter.doFilterInternal(RequestContextFilter.java:100)
	at org.springframework.web.filter.OncePerRequestFilter.doFilter(OncePerRequestFilter.java:116)
	at org.apache.catalina.core.ApplicationFilterChain.internalDoFilter(ApplicationFilterChain.java:164)
	at org.apache.catalina.core.ApplicationFilterChain.doFilter(ApplicationFilterChain.java:140)
	at org.springframework.web.filter.FormContentFilter.doFilterInternal(FormContentFilter.java:93)
	at org.springframework.web.filter.OncePerRequestFilter.doFilter(OncePerRequestFilter.java:116)
	at org.apache.catalina.core.ApplicationFilterChain.internalDoFilter(ApplicationFilterChain.java:164)
	at org.apache.catalina.core.ApplicationFilterChain.doFilter(ApplicationFilterChain.java:140)
	at org.springframework.web.filter.CharacterEncodingFilter.doFilterInternal(CharacterEncodingFilter.java:201)
	at org.springframework.web.filter.OncePerRequestFilter.doFilter(OncePerRequestFilter.java:116)
	at org.apache.catalina.core.ApplicationFilterChain.internalDoFilter(ApplicationFilterChain.java:164)
	at org.apache.catalina.core.ApplicationFilterChain.doFilter(ApplicationFilterChain.java:140)
	at org.apache.catalina.core.StandardWrapperValve.invoke(StandardWrapperValve.java:167)
	at org.apache.catalina.core.StandardContextValve.invoke(StandardContextValve.java:90)
	at org.apache.catalina.authenticator.AuthenticatorBase.invoke(AuthenticatorBase.java:483)
	at org.apache.catalina.core.StandardHostValve.invoke(StandardHostValve.java:115)
	at org.apache.catalina.valves.ErrorReportValve.invoke(ErrorReportValve.java:93)
	at org.apache.catalina.core.StandardEngineValve.invoke(StandardEngineValve.java:74)
	at org.apache.catalina.connector.CoyoteAdapter.service(CoyoteAdapter.java:344)
	at org.apache.coyote.http11.Http11Processor.service(Http11Processor.java:397)
	at org.apache.coyote.AbstractProcessorLight.process(AbstractProcessorLight.java:63)
	at org.apache.coyote.AbstractProtocol$ConnectionHandler.process(AbstractProtocol.java:905)
	at org.apache.tomcat.util.net.NioEndpoint$SocketProcessor.doRun(NioEndpoint.java:1743)
	at org.apache.tomcat.util.net.SocketProcessorBase.run(SocketProcessorBase.java:52)
	at org.apache.tomcat.util.threads.ThreadPoolExecutor.runWorker(ThreadPoolExecutor.java:1190)
	at org.apache.tomcat.util.threads.ThreadPoolExecutor$Worker.run(ThreadPoolExecutor.java:659)
	at org.apache.tomcat.util.threads.TaskThread$WrappingRunnable.run(TaskThread.java:63)
	at java.base/java.lang.Thread.run(Thread.java:840)
Caused by: com.mysql.cj.jdbc.exceptions.MysqlDataTruncation: Data truncation: Out of range value for column 'id' at row 1
	at com.mysql.cj.jdbc.exceptions.SQLExceptionsMapping.translateException(SQLExceptionsMapping.java:104)
	at com.mysql.cj.jdbc.ClientPreparedStatement.executeInternal(ClientPreparedStatement.java:912)
	at com.mysql.cj.jdbc.ClientPreparedStatement.execute(ClientPreparedStatement.java:354)
	at com.zaxxer.hikari.pool.ProxyPreparedStatement.execute(ProxyPreparedStatement.java:44)
	at com.zaxxer.hikari.pool.HikariProxyPreparedStatement.execute(HikariProxyPreparedStatement.java)
	at org.apache.ibatis.executor.statement.PreparedStatementHandler.update(PreparedStatementHandler.java:48)
	at org.apache.ibatis.executor.statement.RoutingStatementHandler.update(RoutingStatementHandler.java:75)
	at java.base/jdk.internal.reflect.NativeMethodAccessorImpl.invoke0(Native Method)
	at java.base/jdk.internal.reflect.NativeMethodAccessorImpl.invoke(NativeMethodAccessorImpl.java:77)
	at java.base/jdk.internal.reflect.DelegatingMethodAccessorImpl.invoke(DelegatingMethodAccessorImpl.java:43)
	at java.base/java.lang.reflect.Method.invoke(Method.java:569)
	at org.apache.ibatis.plugin.Plugin.invoke(Plugin.java:61)
	at jdk.proxy2/jdk.proxy2.$Proxy88.update(Unknown Source)
	at org.apache.ibatis.executor.SimpleExecutor.doUpdate(SimpleExecutor.java:50)
	at org.apache.ibatis.executor.BaseExecutor.update(BaseExecutor.java:117)
	at org.apache.ibatis.executor.CachingExecutor.update(CachingExecutor.java:76)
	at java.base/jdk.internal.reflect.NativeMethodAccessorImpl.invoke0(Native Method)
	at java.base/jdk.internal.reflect.NativeMethodAccessorImpl.invoke(NativeMethodAccessorImpl.java:77)
	at java.base/jdk.internal.reflect.DelegatingMethodAccessorImpl.invoke(DelegatingMethodAccessorImpl.java:43)
	at java.base/java.lang.reflect.Method.invoke(Method.java:569)
	at org.apache.ibatis.plugin.Invocation.proceed(Invocation.java:61)
	at com.baomidou.mybatisplus.extension.plugins.MybatisPlusInterceptor.intercept(MybatisPlusInterceptor.java:106)
	at org.apache.ibatis.plugin.Plugin.invoke(Plugin.java:59)
	at jdk.proxy2/jdk.proxy2.$Proxy87.update(Unknown Source)
	at org.apache.ibatis.session.defaults.DefaultSqlSession.update(DefaultSqlSession.java:197)
	at org.apache.ibatis.session.defaults.DefaultSqlSession.insert(DefaultSqlSession.java:184)
	at java.base/jdk.internal.reflect.NativeMethodAccessorImpl.invoke0(Native Method)
	at java.base/jdk.internal.reflect.NativeMethodAccessorImpl.invoke(NativeMethodAccessorImpl.java:77)
	at java.base/jdk.internal.reflect.DelegatingMethodAccessorImpl.invoke(DelegatingMethodAccessorImpl.java:43)
	at java.base/java.lang.reflect.Method.invoke(Method.java:569)
	at org.mybatis.spring.SqlSessionTemplate$SqlSessionInterceptor.invoke(SqlSessionTemplate.java:333)
	... 73 common frames omitted
2026-05-27 10:26:11.745 [http-nio-8080-exec-8] INFO  com.itheima.controller.EmpController-员工列表查询条件：EmpQueryParam(page=1, pageSize=10, name=, gender=null, begin=null, end=null)
2026-05-27 10:27:31.938 [SpringApplicationShutdownHook] INFO  com.zaxxer.hikari.HikariDataSource-HikariPool-1 - Shutdown initiated...
2026-05-27 10:27:31.948 [SpringApplicationShutdownHook] INFO  com.zaxxer.hikari.HikariDataSource-HikariPool-1 - Shutdown completed.
2026-05-27 10:27:38.224 [main] INFO  com.itheima.TliasWebManagementApplication-Starting TliasWebManagementApplication using Java 17.0.13 with PID 12732 (C:\shixun\Talis\target\classes started by 徐坤 in C:\shixun\Talis)
2026-05-27 10:27:38.226 [main] INFO  com.itheima.TliasWebManagementApplication-No active profile set, falling back to 1 default profile: "default"
2026-05-27 10:27:39.313 [main] INFO  o.s.boot.web.embedded.tomcat.TomcatWebServer-Tomcat initialized with port 8080 (http)
2026-05-27 10:27:39.326 [main] INFO  org.apache.coyote.http11.Http11NioProtocol-Initializing ProtocolHandler ["http-nio-8080"]
2026-05-27 10:27:39.335 [main] INFO  org.apache.catalina.core.StandardService-Starting service [Tomcat]
2026-05-27 10:27:39.336 [main] INFO  org.apache.catalina.core.StandardEngine-Starting Servlet engine: [Apache Tomcat/10.1.39]
2026-05-27 10:27:39.398 [main] INFO  o.a.c.core.ContainerBase.[Tomcat].[localhost].[/]-Initializing Spring embedded WebApplicationContext
2026-05-27 10:27:39.399 [main] INFO  o.s.b.w.s.c.ServletWebServerApplicationContext-Root WebApplicationContext: initialization completed in 1120 ms
2026-05-27 10:27:40.100 [main] INFO  o.s.b.a.web.servlet.WelcomePageHandlerMapping-Adding welcome page: class path resource [static/index.html]
2026-05-27 10:27:40.403 [main] INFO  org.apache.coyote.http11.Http11NioProtocol-Starting ProtocolHandler ["http-nio-8080"]
2026-05-27 10:27:40.425 [main] INFO  o.s.boot.web.embedded.tomcat.TomcatWebServer-Tomcat started on port 8080 (http) with context path '/'
2026-05-27 10:27:40.436 [main] INFO  com.itheima.TliasWebManagementApplication-Started TliasWebManagementApplication in 2.686 seconds (process running for 3.531)
2026-05-27 10:28:02.884 [http-nio-8080-exec-2] INFO  o.a.c.core.ContainerBase.[Tomcat].[localhost].[/]-Initializing Spring DispatcherServlet 'dispatcherServlet'
2026-05-27 10:28:02.885 [http-nio-8080-exec-2] INFO  org.springframework.web.servlet.DispatcherServlet-Initializing Servlet 'dispatcherServlet'
2026-05-27 10:28:02.886 [http-nio-8080-exec-2] INFO  org.springframework.web.servlet.DispatcherServlet-Completed initialization in 1 ms
2026-05-27 10:28:02.922 [http-nio-8080-exec-1] INFO  com.itheima.controller.DeptController-查询所有部门数据
2026-05-27 10:28:02.943 [http-nio-8080-exec-2] INFO  com.itheima.controller.EmpController-员工列表查询条件：EmpQueryParam(page=1, pageSize=10, name=, gender=null, begin=null, end=null)
2026-05-27 10:28:03.033 [http-nio-8080-exec-1] INFO  com.zaxxer.hikari.HikariDataSource-HikariPool-1 - Starting...
2026-05-27 10:28:03.259 [http-nio-8080-exec-1] INFO  com.zaxxer.hikari.pool.HikariPool-HikariPool-1 - Added connection com.mysql.cj.jdbc.ConnectionImpl@14550bae
2026-05-27 10:28:03.262 [http-nio-8080-exec-1] INFO  com.zaxxer.hikari.HikariDataSource-HikariPool-1 - Start completed.
2026-05-27 10:28:05.491 [http-nio-8080-exec-3] INFO  com.itheima.controller.EmpController-员工列表查询条件：EmpQueryParam(page=2, pageSize=10, name=, gender=null, begin=null, end=null)
2026-05-27 10:28:06.097 [http-nio-8080-exec-4] INFO  com.itheima.controller.EmpController-员工列表查询条件：EmpQueryParam(page=3, pageSize=10, name=, gender=null, begin=null, end=null)
2026-05-27 10:28:07.203 [http-nio-8080-exec-5] INFO  com.itheima.controller.EmpController-员工列表查询条件：EmpQueryParam(page=1, pageSize=10, name=, gender=null, begin=null, end=null)
2026-05-27 10:28:50.713 [http-nio-8080-exec-6] INFO  com.itheima.controller.EmpController-新增员工，员工信息：Emp(id=null, username=xx, password=null, name=肖翔, gender=1, phone=13870095281, job=3, salary=6000, image=, entryDate=2026-05-20, deptId=3, createTime=null, updateTime=null, deptName=null, exprList=[EmpExpr(id=null, empId=null, begin=2026-05-01, end=2026-06-01, company=x, job=老板)])
2026-05-27 10:28:50.776 [http-nio-8080-exec-6] DEBUG o.s.jdbc.support.JdbcTransactionManager-Creating new transaction with name [com.itheima.service.impl.EmpServiceImpl.saveEmp]: PROPAGATION_REQUIRED,ISOLATION_DEFAULT,-java.lang.Exception
2026-05-27 10:28:50.785 [http-nio-8080-exec-6] DEBUG o.s.jdbc.support.JdbcTransactionManager-Acquired Connection [HikariProxyConnection@1783543365 wrapping com.mysql.cj.jdbc.ConnectionImpl@14550bae] for JDBC transaction
2026-05-27 10:28:50.790 [http-nio-8080-exec-6] DEBUG o.s.jdbc.support.JdbcTransactionManager-Switching JDBC Connection [HikariProxyConnection@1783543365 wrapping com.mysql.cj.jdbc.ConnectionImpl@14550bae] to manual commit
2026-05-27 10:28:50.824 [http-nio-8080-exec-6] DEBUG o.s.jdbc.support.JdbcTransactionManager-Participating in existing transaction
2026-05-27 10:28:51.057 [http-nio-8080-exec-6] DEBUG o.s.jdbc.support.JdbcTransactionManager-Participating transaction failed - marking existing transaction as rollback-only
2026-05-27 10:28:51.058 [http-nio-8080-exec-6] DEBUG o.s.jdbc.support.JdbcTransactionManager-Setting JDBC transaction [HikariProxyConnection@1783543365 wrapping com.mysql.cj.jdbc.ConnectionImpl@14550bae] rollback-only
2026-05-27 10:28:51.061 [http-nio-8080-exec-6] DEBUG o.s.jdbc.support.JdbcTransactionManager-Initiating transaction rollback
2026-05-27 10:28:51.062 [http-nio-8080-exec-6] DEBUG o.s.jdbc.support.JdbcTransactionManager-Rolling back JDBC transaction on Connection [HikariProxyConnection@1783543365 wrapping com.mysql.cj.jdbc.ConnectionImpl@14550bae]
2026-05-27 10:28:51.065 [http-nio-8080-exec-6] DEBUG o.s.jdbc.support.JdbcTransactionManager-Releasing JDBC Connection [HikariProxyConnection@1783543365 wrapping com.mysql.cj.jdbc.ConnectionImpl@14550bae] after transaction
2026-05-27 10:28:51.071 [http-nio-8080-exec-6] ERROR com.itheima.exception.GlobalExceptionHandler-全局异常处理器收到了系统错误：
org.springframework.dao.DataIntegrityViolationException: com.itheima.mapper.EmpExprMapper.insert (batch index #1) failed. Cause: java.sql.BatchUpdateException: Data truncation: Out of range value for column 'id' at row 1
; Data truncation: Out of range value for column 'id' at row 1
	at org.springframework.jdbc.support.SQLStateSQLExceptionTranslator.doTranslate(SQLStateSQLExceptionTranslator.java:118)
	at org.springframework.jdbc.support.AbstractFallbackSQLExceptionTranslator.translate(AbstractFallbackSQLExceptionTranslator.java:107)
	at org.springframework.jdbc.support.AbstractFallbackSQLExceptionTranslator.translate(AbstractFallbackSQLExceptionTranslator.java:116)
	at org.springframework.jdbc.support.AbstractFallbackSQLExceptionTranslator.translate(AbstractFallbackSQLExceptionTranslator.java:116)
	at org.mybatis.spring.MyBatisExceptionTranslator.translateExceptionIfPossible(MyBatisExceptionTranslator.java:93)
	at com.baomidou.mybatisplus.extension.spi.SpringCompatibleSet.executeBatch(SpringCompatibleSet.java:76)
	at com.baomidou.mybatisplus.extension.toolkit.SqlHelper.executeBatch(SqlHelper.java:186)
	at com.baomidou.mybatisplus.extension.toolkit.SqlHelper.executeBatch(SqlHelper.java:209)
	at com.baomidou.mybatisplus.extension.repository.AbstractRepository.executeBatch(AbstractRepository.java:107)
	at com.baomidou.mybatisplus.extension.repository.CrudRepository.saveBatch(CrudRepository.java:61)
	at com.baomidou.mybatisplus.extension.service.IService.saveBatch(IService.java:41)
	at java.base/jdk.internal.reflect.NativeMethodAccessorImpl.invoke0(Native Method)
	at java.base/jdk.internal.reflect.NativeMethodAccessorImpl.invoke(NativeMethodAccessorImpl.java:77)
	at java.base/jdk.internal.reflect.DelegatingMethodAccessorImpl.invoke(DelegatingMethodAccessorImpl.java:43)
	at java.base/java.lang.reflect.Method.invoke(Method.java:569)
	at org.springframework.aop.support.AopUtils.invokeJoinpointUsingReflection(AopUtils.java:355)
	at org.springframework.aop.framework.ReflectiveMethodInvocation.invokeJoinpoint(ReflectiveMethodInvocation.java:196)
	at org.springframework.aop.framework.ReflectiveMethodInvocation.proceed(ReflectiveMethodInvocation.java:163)
	at org.springframework.aop.framework.CglibAopProxy$CglibMethodInvocation.proceed(CglibAopProxy.java:768)
	at org.springframework.transaction.interceptor.TransactionAspectSupport.invokeWithinTransaction(TransactionAspectSupport.java:379)
	at org.springframework.transaction.interceptor.TransactionInterceptor.invoke(TransactionInterceptor.java:119)
	at org.springframework.aop.framework.ReflectiveMethodInvocation.proceed(ReflectiveMethodInvocation.java:184)
	at org.springframework.aop.framework.CglibAopProxy$CglibMethodInvocation.proceed(CglibAopProxy.java:768)
	at org.springframework.aop.framework.CglibAopProxy$DynamicAdvisedInterceptor.intercept(CglibAopProxy.java:720)
	at com.itheima.service.impl.EmpExprServiceImpl$$SpringCGLIB$$0.saveBatch(<generated>)
	at com.itheima.service.impl.EmpServiceImpl.saveEmp(EmpServiceImpl.java:78)
	at java.base/jdk.internal.reflect.NativeMethodAccessorImpl.invoke0(Native Method)
	at java.base/jdk.internal.reflect.NativeMethodAccessorImpl.invoke(NativeMethodAccessorImpl.java:77)
	at java.base/jdk.internal.reflect.DelegatingMethodAccessorImpl.invoke(DelegatingMethodAccessorImpl.java:43)
	at java.base/java.lang.reflect.Method.invoke(Method.java:569)
	at org.springframework.aop.support.AopUtils.invokeJoinpointUsingReflection(AopUtils.java:355)
	at org.springframework.aop.framework.ReflectiveMethodInvocation.invokeJoinpoint(ReflectiveMethodInvocation.java:196)
	at org.springframework.aop.framework.ReflectiveMethodInvocation.proceed(ReflectiveMethodInvocation.java:163)
	at org.springframework.aop.framework.CglibAopProxy$CglibMethodInvocation.proceed(CglibAopProxy.java:768)
	at org.springframework.transaction.interceptor.TransactionAspectSupport.invokeWithinTransaction(TransactionAspectSupport.java:379)
	at org.springframework.transaction.interceptor.TransactionInterceptor.invoke(TransactionInterceptor.java:119)
	at org.springframework.aop.framework.ReflectiveMethodInvocation.proceed(ReflectiveMethodInvocation.java:184)
	at org.springframework.aop.framework.CglibAopProxy$CglibMethodInvocation.proceed(CglibAopProxy.java:768)
	at org.springframework.aop.framework.CglibAopProxy$DynamicAdvisedInterceptor.intercept(CglibAopProxy.java:720)
	at com.itheima.service.impl.EmpServiceImpl$$SpringCGLIB$$0.saveEmp(<generated>)
	at com.itheima.controller.EmpController.save(EmpController.java:43)
	at java.base/jdk.internal.reflect.NativeMethodAccessorImpl.invoke0(Native Method)
	at java.base/jdk.internal.reflect.NativeMethodAccessorImpl.invoke(NativeMethodAccessorImpl.java:77)
	at java.base/jdk.internal.reflect.DelegatingMethodAccessorImpl.invoke(DelegatingMethodAccessorImpl.java:43)
	at java.base/java.lang.reflect.Method.invoke(Method.java:569)
	at org.springframework.web.method.support.InvocableHandlerMethod.doInvoke(InvocableHandlerMethod.java:255)
	at org.springframework.web.method.support.InvocableHandlerMethod.invokeForRequest(InvocableHandlerMethod.java:188)
	at org.springframework.web.servlet.mvc.method.annotation.ServletInvocableHandlerMethod.invokeAndHandle(ServletInvocableHandlerMethod.java:118)
	at org.springframework.web.servlet.mvc.method.annotation.RequestMappingHandlerAdapter.invokeHandlerMethod(RequestMappingHandlerAdapter.java:926)
	at org.springframework.web.servlet.mvc.method.annotation.RequestMappingHandlerAdapter.handleInternal(RequestMappingHandlerAdapter.java:831)
	at org.springframework.web.servlet.mvc.method.AbstractHandlerMethodAdapter.handle(AbstractHandlerMethodAdapter.java:87)
	at org.springframework.web.servlet.DispatcherServlet.doDispatch(DispatcherServlet.java:1089)
	at org.springframework.web.servlet.DispatcherServlet.doService(DispatcherServlet.java:979)
	at org.springframework.web.servlet.FrameworkServlet.processRequest(FrameworkServlet.java:1014)
	at org.springframework.web.servlet.FrameworkServlet.doPost(FrameworkServlet.java:914)
	at jakarta.servlet.http.HttpServlet.service(HttpServlet.java:590)
	at org.springframework.web.servlet.FrameworkServlet.service(FrameworkServlet.java:885)
	at jakarta.servlet.http.HttpServlet.service(HttpServlet.java:658)
	at org.apache.catalina.core.ApplicationFilterChain.internalDoFilter(ApplicationFilterChain.java:195)
	at org.apache.catalina.core.ApplicationFilterChain.doFilter(ApplicationFilterChain.java:140)
	at org.apache.tomcat.websocket.server.WsFilter.doFilter(WsFilter.java:51)
	at org.apache.catalina.core.ApplicationFilterChain.internalDoFilter(ApplicationFilterChain.java:164)
	at org.apache.catalina.core.ApplicationFilterChain.doFilter(ApplicationFilterChain.java:140)
	at org.springframework.web.filter.RequestContextFilter.doFilterInternal(RequestContextFilter.java:100)
	at org.springframework.web.filter.OncePerRequestFilter.doFilter(OncePerRequestFilter.java:116)
	at org.apache.catalina.core.ApplicationFilterChain.internalDoFilter(ApplicationFilterChain.java:164)
	at org.apache.catalina.core.ApplicationFilterChain.doFilter(ApplicationFilterChain.java:140)
	at org.springframework.web.filter.FormContentFilter.doFilterInternal(FormContentFilter.java:93)
	at org.springframework.web.filter.OncePerRequestFilter.doFilter(OncePerRequestFilter.java:116)
	at org.apache.catalina.core.ApplicationFilterChain.internalDoFilter(ApplicationFilterChain.java:164)
	at org.apache.catalina.core.ApplicationFilterChain.doFilter(ApplicationFilterChain.java:140)
	at org.springframework.web.filter.CharacterEncodingFilter.doFilterInternal(CharacterEncodingFilter.java:201)
	at org.springframework.web.filter.OncePerRequestFilter.doFilter(OncePerRequestFilter.java:116)
	at org.apache.catalina.core.ApplicationFilterChain.internalDoFilter(ApplicationFilterChain.java:164)
	at org.apache.catalina.core.ApplicationFilterChain.doFilter(ApplicationFilterChain.java:140)
	at org.apache.catalina.core.StandardWrapperValve.invoke(StandardWrapperValve.java:167)
	at org.apache.catalina.core.StandardContextValve.invoke(StandardContextValve.java:90)
	at org.apache.catalina.authenticator.AuthenticatorBase.invoke(AuthenticatorBase.java:483)
	at org.apache.catalina.core.StandardHostValve.invoke(StandardHostValve.java:115)
	at org.apache.catalina.valves.ErrorReportValve.invoke(ErrorReportValve.java:93)
	at org.apache.catalina.core.StandardEngineValve.invoke(StandardEngineValve.java:74)
	at org.apache.catalina.connector.CoyoteAdapter.service(CoyoteAdapter.java:344)
	at org.apache.coyote.http11.Http11Processor.service(Http11Processor.java:397)
	at org.apache.coyote.AbstractProcessorLight.process(AbstractProcessorLight.java:63)
	at org.apache.coyote.AbstractProtocol$ConnectionHandler.process(AbstractProtocol.java:905)
	at org.apache.tomcat.util.net.NioEndpoint$SocketProcessor.doRun(NioEndpoint.java:1743)
	at org.apache.tomcat.util.net.SocketProcessorBase.run(SocketProcessorBase.java:52)
	at org.apache.tomcat.util.threads.ThreadPoolExecutor.runWorker(ThreadPoolExecutor.java:1190)
	at org.apache.tomcat.util.threads.ThreadPoolExecutor$Worker.run(ThreadPoolExecutor.java:659)
	at org.apache.tomcat.util.threads.TaskThread$WrappingRunnable.run(TaskThread.java:63)
	at java.base/java.lang.Thread.run(Thread.java:840)
Caused by: java.sql.BatchUpdateException: Data truncation: Out of range value for column 'id' at row 1
	at com.mysql.cj.jdbc.exceptions.SQLError.createBatchUpdateException(SQLError.java:223)
	at com.mysql.cj.jdbc.ClientPreparedStatement.executeBatchSerially(ClientPreparedStatement.java:813)
	at com.mysql.cj.jdbc.ClientPreparedStatement.executeBatchInternal(ClientPreparedStatement.java:416)
	at com.mysql.cj.jdbc.StatementImpl.executeBatch(StatementImpl.java:802)
	at com.zaxxer.hikari.pool.ProxyStatement.executeBatch(ProxyStatement.java:127)
	at com.zaxxer.hikari.pool.HikariProxyPreparedStatement.executeBatch(HikariProxyPreparedStatement.java)
	at org.apache.ibatis.executor.BatchExecutor.doFlushStatements(BatchExecutor.java:126)
	at org.apache.ibatis.executor.BaseExecutor.flushStatements(BaseExecutor.java:129)
	at org.apache.ibatis.executor.BaseExecutor.flushStatements(BaseExecutor.java:122)
	at org.apache.ibatis.executor.CachingExecutor.flushStatements(CachingExecutor.java:115)
	at java.base/jdk.internal.reflect.NativeMethodAccessorImpl.invoke0(Native Method)
	at java.base/jdk.internal.reflect.NativeMethodAccessorImpl.invoke(NativeMethodAccessorImpl.java:77)
	at java.base/jdk.internal.reflect.DelegatingMethodAccessorImpl.invoke(DelegatingMethodAccessorImpl.java:43)
	at java.base/java.lang.reflect.Method.invoke(Method.java:569)
	at org.apache.ibatis.plugin.Plugin.invoke(Plugin.java:61)
	at jdk.proxy2/jdk.proxy2.$Proxy86.flushStatements(Unknown Source)
	at org.apache.ibatis.session.defaults.DefaultSqlSession.flushStatements(DefaultSqlSession.java:252)
	at com.baomidou.mybatisplus.extension.toolkit.SqlHelper.lambda$executeBatch$3(SqlHelper.java:216)
	at com.baomidou.mybatisplus.extension.spi.SpringCompatibleSet.executeBatch(SpringCompatibleSet.java:66)
	... 85 common frames omitted
Caused by: com.mysql.cj.jdbc.exceptions.MysqlDataTruncation: Data truncation: Out of range value for column 'id' at row 1
	at com.mysql.cj.jdbc.exceptions.SQLExceptionsMapping.translateException(SQLExceptionsMapping.java:104)
	at com.mysql.cj.jdbc.ClientPreparedStatement.executeInternal(ClientPreparedStatement.java:912)
	at com.mysql.cj.jdbc.ClientPreparedStatement.executeUpdateInternal(ClientPreparedStatement.java:1054)
	at com.mysql.cj.jdbc.ClientPreparedStatement.executeBatchSerially(ClientPreparedStatement.java:792)
	... 102 common frames omitted
2026-05-27 10:29:33.460 [SpringApplicationShutdownHook] INFO  com.zaxxer.hikari.HikariDataSource-HikariPool-1 - Shutdown initiated...
2026-05-27 10:29:33.468 [SpringApplicationShutdownHook] INFO  com.zaxxer.hikari.HikariDataSource-HikariPool-1 - Shutdown completed.
2026-05-27 10:29:38.749 [main] INFO  com.itheima.TliasWebManagementApplication-Starting TliasWebManagementApplication using Java 17.0.13 with PID 11872 (C:\shixun\Talis\target\classes started by 徐坤 in C:\shixun\Talis)
2026-05-27 10:29:38.752 [main] INFO  com.itheima.TliasWebManagementApplication-No active profile set, falling back to 1 default profile: "default"
2026-05-27 10:29:39.773 [main] INFO  o.s.boot.web.embedded.tomcat.TomcatWebServer-Tomcat initialized with port 8080 (http)
2026-05-27 10:29:39.786 [main] INFO  org.apache.coyote.http11.Http11NioProtocol-Initializing ProtocolHandler ["http-nio-8080"]
2026-05-27 10:29:39.788 [main] INFO  org.apache.catalina.core.StandardService-Starting service [Tomcat]
2026-05-27 10:29:39.789 [main] INFO  org.apache.catalina.core.StandardEngine-Starting Servlet engine: [Apache Tomcat/10.1.39]
2026-05-27 10:29:39.845 [main] INFO  o.a.c.core.ContainerBase.[Tomcat].[localhost].[/]-Initializing Spring embedded WebApplicationContext
2026-05-27 10:29:39.846 [main] INFO  o.s.b.w.s.c.ServletWebServerApplicationContext-Root WebApplicationContext: initialization completed in 1043 ms
2026-05-27 10:29:40.498 [main] INFO  o.s.b.a.web.servlet.WelcomePageHandlerMapping-Adding welcome page: class path resource [static/index.html]
2026-05-27 10:29:40.799 [main] INFO  org.apache.coyote.http11.Http11NioProtocol-Starting ProtocolHandler ["http-nio-8080"]
2026-05-27 10:29:40.821 [main] INFO  o.s.boot.web.embedded.tomcat.TomcatWebServer-Tomcat started on port 8080 (http) with context path '/'
2026-05-27 10:29:40.832 [main] INFO  com.itheima.TliasWebManagementApplication-Started TliasWebManagementApplication in 2.539 seconds (process running for 3.411)
2026-05-27 10:29:44.132 [http-nio-8080-exec-2] INFO  o.a.c.core.ContainerBase.[Tomcat].[localhost].[/]-Initializing Spring DispatcherServlet 'dispatcherServlet'
2026-05-27 10:29:44.132 [http-nio-8080-exec-2] INFO  org.springframework.web.servlet.DispatcherServlet-Initializing Servlet 'dispatcherServlet'
2026-05-27 10:29:44.134 [http-nio-8080-exec-2] INFO  org.springframework.web.servlet.DispatcherServlet-Completed initialization in 1 ms
2026-05-27 10:29:44.178 [http-nio-8080-exec-2] INFO  com.itheima.controller.DeptController-查询所有部门数据
2026-05-27 10:29:44.202 [http-nio-8080-exec-1] INFO  com.itheima.controller.EmpController-员工列表查询条件：EmpQueryParam(page=1, pageSize=10, name=, gender=null, begin=null, end=null)
2026-05-27 10:29:44.289 [http-nio-8080-exec-2] INFO  com.zaxxer.hikari.HikariDataSource-HikariPool-1 - Starting...
2026-05-27 10:29:44.533 [http-nio-8080-exec-2] INFO  com.zaxxer.hikari.pool.HikariPool-HikariPool-1 - Added connection com.mysql.cj.jdbc.ConnectionImpl@826f60d
2026-05-27 10:29:44.536 [http-nio-8080-exec-2] INFO  com.zaxxer.hikari.HikariDataSource-HikariPool-1 - Start completed.
2026-05-27 10:30:16.042 [http-nio-8080-exec-8] INFO  com.itheima.controller.EmpController-新增员工，员工信息：Emp(id=null, username=xx, password=null, name=肖翔, gender=1, phone=13870095281, job=2, salary=10000, image=, entryDate=2026-05-20, deptId=49, createTime=null, updateTime=null, deptName=null, exprList=[EmpExpr(id=null, empId=null, begin=2026-05-01, end=2026-06-01, company=x, job=讲师)])
2026-05-27 10:30:16.054 [http-nio-8080-exec-8] DEBUG o.s.jdbc.support.JdbcTransactionManager-Creating new transaction with name [com.itheima.service.impl.EmpServiceImpl.saveEmp]: PROPAGATION_REQUIRED,ISOLATION_DEFAULT,-java.lang.Exception
2026-05-27 10:30:16.056 [http-nio-8080-exec-8] DEBUG o.s.jdbc.support.JdbcTransactionManager-Acquired Connection [HikariProxyConnection@897754899 wrapping com.mysql.cj.jdbc.ConnectionImpl@826f60d] for JDBC transaction
2026-05-27 10:30:16.058 [http-nio-8080-exec-8] DEBUG o.s.jdbc.support.JdbcTransactionManager-Switching JDBC Connection [HikariProxyConnection@897754899 wrapping com.mysql.cj.jdbc.ConnectionImpl@826f60d] to manual commit
2026-05-27 10:30:16.072 [http-nio-8080-exec-8] DEBUG o.s.jdbc.support.JdbcTransactionManager-Participating in existing transaction
2026-05-27 10:30:16.083 [http-nio-8080-exec-8] DEBUG o.s.jdbc.support.JdbcTransactionManager-Initiating transaction commit
2026-05-27 10:30:16.083 [http-nio-8080-exec-8] DEBUG o.s.jdbc.support.JdbcTransactionManager-Committing JDBC transaction on Connection [HikariProxyConnection@897754899 wrapping com.mysql.cj.jdbc.ConnectionImpl@826f60d]
2026-05-27 10:30:16.086 [http-nio-8080-exec-8] DEBUG o.s.jdbc.support.JdbcTransactionManager-Releasing JDBC Connection [HikariProxyConnection@897754899 wrapping com.mysql.cj.jdbc.ConnectionImpl@826f60d] after transaction
2026-05-27 10:30:16.123 [http-nio-8080-exec-9] INFO  com.itheima.controller.EmpController-员工列表查询条件：EmpQueryParam(page=1, pageSize=10, name=, gender=null, begin=null, end=null)
2026-05-27 10:30:19.299 [http-nio-8080-exec-5] INFO  com.itheima.controller.EmpController-员工列表查询条件：EmpQueryParam(page=3, pageSize=10, name=, gender=null, begin=null, end=null)
2026-05-27 10:30:20.624 [http-nio-8080-exec-6] INFO  com.itheima.controller.EmpController-员工列表查询条件：EmpQueryParam(page=1, pageSize=10, name=, gender=null, begin=null, end=null)
2026-05-27 10:30:22.550 [http-nio-8080-exec-3] INFO  com.itheima.controller.DeptController-查询所有部门数据
2026-05-27 10:30:22.551 [http-nio-8080-exec-7] INFO  com.itheima.controller.EmpController-员工列表查询条件：EmpQueryParam(page=1, pageSize=10, name=, gender=null, begin=null, end=null)
2026-05-27 10:31:59.110 [http-nio-8080-exec-10] INFO  com.itheima.controller.DeptController-查询所有部门数据
2026-05-27 10:31:59.112 [http-nio-8080-exec-4] INFO  com.itheima.controller.EmpController-员工列表查询条件：EmpQueryParam(page=1, pageSize=10, name=, gender=null, begin=null, end=null)
2026-05-27 10:32:17.958 [http-nio-8080-exec-1] INFO  com.itheima.controller.DeptController-查询所有部门数据
2026-05-27 10:32:20.062 [http-nio-8080-exec-2] INFO  com.itheima.controller.EmpController-员工列表查询条件：EmpQueryParam(page=1, pageSize=10, name=, gender=null, begin=null, end=null)
2026-05-27 10:32:20.087 [http-nio-8080-exec-8] INFO  com.itheima.controller.DeptController-查询所有部门数据
2026-05-27 10:33:10.586 [http-nio-8080-exec-9] INFO  com.itheima.controller.EmpController-根据ID查询员工信息，id：85
2026-05-27 10:33:13.575 [http-nio-8080-exec-5] INFO  com.itheima.controller.EmpController-修改员工信息，员工信息：Emp(id=85, username=xx, password=123456, name=肖翔, gender=1, phone=13870095281, job=2, salary=10000, image=, entryDate=2026-05-20, deptId=1, createTime=2026-05-27T10:30:16, updateTime=2026-05-27T10:30:16, deptName=null, exprList=null)
2026-05-27 10:33:13.604 [http-nio-8080-exec-6] INFO  com.itheima.controller.EmpController-员工列表查询条件：EmpQueryParam(page=1, pageSize=10, name=, gender=null, begin=null, end=null)
2026-05-27 10:33:16.009 [http-nio-8080-exec-7] INFO  com.itheima.controller.DeptController-查询所有部门数据
2026-05-27 10:33:16.011 [http-nio-8080-exec-3] INFO  com.itheima.controller.EmpController-员工列表查询条件：EmpQueryParam(page=1, pageSize=10, name=, gender=null, begin=null, end=null)
2026-05-27 10:33:18.259 [http-nio-8080-exec-10] INFO  com.itheima.controller.EmpController-员工列表查询条件：EmpQueryParam(page=2, pageSize=10, name=, gender=null, begin=null, end=null)
2026-05-27 10:33:18.772 [http-nio-8080-exec-4] INFO  com.itheima.controller.EmpController-员工列表查询条件：EmpQueryParam(page=3, pageSize=10, name=, gender=null, begin=null, end=null)
2026-05-27 10:33:19.533 [http-nio-8080-exec-1] INFO  com.itheima.controller.EmpController-员工列表查询条件：EmpQueryParam(page=1, pageSize=10, name=, gender=null, begin=null, end=null)
2026-05-27 10:37:39.298 [SpringApplicationShutdownHook] INFO  com.zaxxer.hikari.HikariDataSource-HikariPool-1 - Shutdown initiated...
2026-05-27 10:37:39.310 [SpringApplicationShutdownHook] INFO  com.zaxxer.hikari.HikariDataSource-HikariPool-1 - Shutdown completed.
2026-05-27 10:37:45.508 [main] INFO  com.itheima.TliasWebManagementApplication-Starting TliasWebManagementApplication using Java 17.0.13 with PID 5452 (C:\shixun\Talis\target\classes started by 徐坤 in C:\shixun\Talis)
2026-05-27 10:37:45.512 [main] INFO  com.itheima.TliasWebManagementApplication-No active profile set, falling back to 1 default profile: "default"
2026-05-27 10:37:46.591 [main] INFO  o.s.boot.web.embedded.tomcat.TomcatWebServer-Tomcat initialized with port 8080 (http)
2026-05-27 10:37:46.603 [main] INFO  org.apache.coyote.http11.Http11NioProtocol-Initializing ProtocolHandler ["http-nio-8080"]
2026-05-27 10:37:46.605 [main] INFO  org.apache.catalina.core.StandardService-Starting service [Tomcat]
2026-05-27 10:37:46.605 [main] INFO  org.apache.catalina.core.StandardEngine-Starting Servlet engine: [Apache Tomcat/10.1.39]
2026-05-27 10:37:46.664 [main] INFO  o.a.c.core.ContainerBase.[Tomcat].[localhost].[/]-Initializing Spring embedded WebApplicationContext
2026-05-27 10:37:46.664 [main] INFO  o.s.b.w.s.c.ServletWebServerApplicationContext-Root WebApplicationContext: initialization completed in 1092 ms
2026-05-27 10:37:47.298 [main] INFO  o.s.b.a.web.servlet.WelcomePageHandlerMapping-Adding welcome page: class path resource [static/index.html]
2026-05-27 10:37:47.567 [main] INFO  org.apache.coyote.http11.Http11NioProtocol-Starting ProtocolHandler ["http-nio-8080"]
2026-05-27 10:37:47.587 [main] INFO  o.s.boot.web.embedded.tomcat.TomcatWebServer-Tomcat started on port 8080 (http) with context path '/'
2026-05-27 10:37:47.597 [main] INFO  com.itheima.TliasWebManagementApplication-Started TliasWebManagementApplication in 2.557 seconds (process running for 3.421)
2026-05-27 10:37:52.326 [http-nio-8080-exec-1] INFO  o.a.c.core.ContainerBase.[Tomcat].[localhost].[/]-Initializing Spring DispatcherServlet 'dispatcherServlet'
2026-05-27 10:37:52.327 [http-nio-8080-exec-1] INFO  org.springframework.web.servlet.DispatcherServlet-Initializing Servlet 'dispatcherServlet'
2026-05-27 10:37:52.329 [http-nio-8080-exec-1] INFO  org.springframework.web.servlet.DispatcherServlet-Completed initialization in 2 ms
2026-05-27 10:37:52.390 [http-nio-8080-exec-1] INFO  com.itheima.controller.EmpController-查询员工列表
2026-05-27 10:37:52.429 [http-nio-8080-exec-2] INFO  com.itheima.controller.ClazzController-查询班级列表
2026-05-27 10:37:52.435 [http-nio-8080-exec-3] INFO  com.itheima.controller.StudentController-查询所有学生信息：StudentQueryParam(page=1, pageSize=10, name=, degree=null, clazzId=null)
2026-05-27 10:37:52.601 [http-nio-8080-exec-4] INFO  com.itheima.controller.ClazzController-查询全部班级
2026-05-27 10:37:52.626 [http-nio-8080-exec-1] INFO  com.zaxxer.hikari.HikariDataSource-HikariPool-1 - Starting...
2026-05-27 10:37:52.965 [http-nio-8080-exec-1] INFO  com.zaxxer.hikari.pool.HikariPool-HikariPool-1 - Added connection com.mysql.cj.jdbc.ConnectionImpl@353749bf
2026-05-27 10:37:52.969 [http-nio-8080-exec-1] INFO  com.zaxxer.hikari.HikariDataSource-HikariPool-1 - Start completed.
2026-05-27 10:37:53.144 [http-nio-8080-exec-5] INFO  com.itheima.controller.DeptController-查询所有部门数据
2026-05-27 10:37:53.663 [http-nio-8080-exec-7] INFO  com.itheima.controller.DeptController-查询所有部门数据
2026-05-27 10:37:53.665 [http-nio-8080-exec-6] INFO  com.itheima.controller.EmpController-员工列表查询条件：EmpQueryParam(page=1, pageSize=10, name=, gender=null, begin=null, end=null)
2026-05-27 10:37:58.584 [http-nio-8080-exec-8] INFO  com.itheima.controller.EmpController-员工列表查询条件：EmpQueryParam(page=2, pageSize=10, name=, gender=null, begin=null, end=null)
2026-05-27 10:38:00.199 [http-nio-8080-exec-9] INFO  com.itheima.controller.EmpController-员工列表查询条件：EmpQueryParam(page=3, pageSize=10, name=, gender=null, begin=null, end=null)
2026-05-27 10:38:02.865 [http-nio-8080-exec-10] INFO  com.itheima.controller.EmpController-员工列表查询条件：EmpQueryParam(page=1, pageSize=10, name=, gender=null, begin=null, end=null)
2026-05-27 10:39:17.132 [http-nio-8080-exec-2] INFO  com.itheima.controller.EmpController-新增员工，员工信息：Emp(id=null, username=xhj, password=null, name=谢豪杰, gender=1, phone=17360223610, job=1, salary=1000, image=, entryDate=2026-05-21, deptId=49, createTime=null, updateTime=null, deptName=null, exprList=[EmpExpr(id=null, empId=null, begin=2026-05-02, end=2026-06-02, company=hj, job=班主任)])
2026-05-27 10:39:17.183 [http-nio-8080-exec-2] DEBUG o.s.jdbc.support.JdbcTransactionManager-Creating new transaction with name [com.itheima.service.impl.EmpServiceImpl.saveEmp]: PROPAGATION_REQUIRED,ISOLATION_DEFAULT,-java.lang.Exception
2026-05-27 10:39:17.191 [http-nio-8080-exec-2] DEBUG o.s.jdbc.support.JdbcTransactionManager-Acquired Connection [HikariProxyConnection@1135914936 wrapping com.mysql.cj.jdbc.ConnectionImpl@353749bf] for JDBC transaction
2026-05-27 10:39:17.198 [http-nio-8080-exec-2] DEBUG o.s.jdbc.support.JdbcTransactionManager-Switching JDBC Connection [HikariProxyConnection@1135914936 wrapping com.mysql.cj.jdbc.ConnectionImpl@353749bf] to manual commit
2026-05-27 10:39:17.230 [http-nio-8080-exec-2] DEBUG o.s.jdbc.support.JdbcTransactionManager-Participating in existing transaction
2026-05-27 10:39:17.248 [http-nio-8080-exec-2] DEBUG o.s.jdbc.support.JdbcTransactionManager-Initiating transaction commit
2026-05-27 10:39:17.249 [http-nio-8080-exec-2] DEBUG o.s.jdbc.support.JdbcTransactionManager-Committing JDBC transaction on Connection [HikariProxyConnection@1135914936 wrapping com.mysql.cj.jdbc.ConnectionImpl@353749bf]
2026-05-27 10:39:17.252 [http-nio-8080-exec-2] DEBUG o.s.jdbc.support.JdbcTransactionManager-Releasing JDBC Connection [HikariProxyConnection@1135914936 wrapping com.mysql.cj.jdbc.ConnectionImpl@353749bf] after transaction
2026-05-27 10:39:17.279 [http-nio-8080-exec-3] INFO  com.itheima.controller.EmpController-员工列表查询条件：EmpQueryParam(page=1, pageSize=10, name=, gender=null, begin=null, end=null)
2026-05-27 10:40:46.199 [http-nio-8080-exec-4] INFO  com.itheima.controller.EmpController-员工列表查询条件：EmpQueryParam(page=2, pageSize=10, name=, gender=null, begin=null, end=null)
2026-05-27 10:40:46.868 [http-nio-8080-exec-1] INFO  com.itheima.controller.EmpController-员工列表查询条件：EmpQueryParam(page=3, pageSize=10, name=, gender=null, begin=null, end=null)
2026-05-27 10:40:49.035 [http-nio-8080-exec-5] INFO  com.itheima.controller.EmpController-员工列表查询条件：EmpQueryParam(page=1, pageSize=10, name=, gender=null, begin=null, end=null)
2026-05-27 10:54:35.346 [SpringApplicationShutdownHook] INFO  com.zaxxer.hikari.HikariDataSource-HikariPool-1 - Shutdown initiated...
2026-05-27 10:54:35.355 [SpringApplicationShutdownHook] INFO  com.zaxxer.hikari.HikariDataSource-HikariPool-1 - Shutdown completed.
2026-05-27 10:54:40.000 [main] INFO  com.itheima.TliasWebManagementApplication-Starting TliasWebManagementApplication using Java 17.0.13 with PID 11760 (C:\shixun\Talis\target\classes started by 徐坤 in C:\shixun\Talis)
2026-05-27 10:54:40.002 [main] INFO  com.itheima.TliasWebManagementApplication-No active profile set, falling back to 1 default profile: "default"
2026-05-27 10:54:40.879 [main] INFO  o.s.boot.web.embedded.tomcat.TomcatWebServer-Tomcat initialized with port 8080 (http)
2026-05-27 10:54:40.894 [main] INFO  org.apache.coyote.http11.Http11NioProtocol-Initializing ProtocolHandler ["http-nio-8080"]
2026-05-27 10:54:40.895 [main] INFO  org.apache.catalina.core.StandardService-Starting service [Tomcat]
2026-05-27 10:54:40.895 [main] INFO  org.apache.catalina.core.StandardEngine-Starting Servlet engine: [Apache Tomcat/10.1.39]
2026-05-27 10:54:40.942 [main] INFO  o.a.c.core.ContainerBase.[Tomcat].[localhost].[/]-Initializing Spring embedded WebApplicationContext
2026-05-27 10:54:40.942 [main] INFO  o.s.b.w.s.c.ServletWebServerApplicationContext-Root WebApplicationContext: initialization completed in 893 ms
2026-05-27 10:54:41.482 [main] INFO  o.s.b.a.web.servlet.WelcomePageHandlerMapping-Adding welcome page: class path resource [static/index.html]
2026-05-27 10:54:41.729 [main] INFO  org.apache.coyote.http11.Http11NioProtocol-Starting ProtocolHandler ["http-nio-8080"]
2026-05-27 10:54:41.746 [main] INFO  o.s.boot.web.embedded.tomcat.TomcatWebServer-Tomcat started on port 8080 (http) with context path '/'
2026-05-27 10:54:41.754 [main] INFO  com.itheima.TliasWebManagementApplication-Started TliasWebManagementApplication in 2.167 seconds (process running for 2.902)
2026-05-27 10:54:55.044 [http-nio-8080-exec-1] INFO  o.a.c.core.ContainerBase.[Tomcat].[localhost].[/]-Initializing Spring DispatcherServlet 'dispatcherServlet'
2026-05-27 10:54:55.044 [http-nio-8080-exec-1] INFO  org.springframework.web.servlet.DispatcherServlet-Initializing Servlet 'dispatcherServlet'
2026-05-27 10:54:55.044 [http-nio-8080-exec-1] INFO  org.springframework.web.servlet.DispatcherServlet-Completed initialization in 0 ms
2026-05-27 10:54:55.086 [http-nio-8080-exec-1] INFO  com.itheima.controller.DeptController-查询所有部门数据
2026-05-27 10:54:55.211 [http-nio-8080-exec-1] INFO  com.zaxxer.hikari.HikariDataSource-HikariPool-1 - Starting...
2026-05-27 10:54:55.434 [http-nio-8080-exec-1] INFO  com.zaxxer.hikari.pool.HikariPool-HikariPool-1 - Added connection com.mysql.cj.jdbc.ConnectionImpl@49f927e6
2026-05-27 10:54:55.434 [http-nio-8080-exec-1] INFO  com.zaxxer.hikari.HikariDataSource-HikariPool-1 - Start completed.
2026-05-27 10:54:56.333 [http-nio-8080-exec-2] INFO  com.itheima.controller.DeptController-查询所有部门数据
2026-05-27 10:54:56.364 [http-nio-8080-exec-5] INFO  com.itheima.controller.EmpController-员工列表查询条件：EmpQueryParam(page=1, pageSize=10, name=, gender=null, begin=null, end=null)
2026-05-27 10:56:01.347 [http-nio-8080-exec-9] INFO  com.itheima.controller.DeptController-查询所有部门数据
2026-05-27 10:56:01.347 [http-nio-8080-exec-4] INFO  com.itheima.controller.EmpController-员工列表查询条件：EmpQueryParam(page=1, pageSize=10, name=, gender=null, begin=null, end=null)
2026-05-27 10:56:04.511 [http-nio-8080-exec-3] INFO  com.itheima.controller.EmpController-员工列表查询条件：EmpQueryParam(page=2, pageSize=10, name=, gender=null, begin=null, end=null)
2026-05-27 10:56:05.091 [http-nio-8080-exec-7] INFO  com.itheima.controller.EmpController-员工列表查询条件：EmpQueryParam(page=3, pageSize=10, name=, gender=null, begin=null, end=null)
2026-05-27 10:56:06.154 [http-nio-8080-exec-8] INFO  com.itheima.controller.EmpController-员工列表查询条件：EmpQueryParam(page=1, pageSize=10, name=, gender=null, begin=null, end=null)
2026-05-27 10:56:24.164 [http-nio-8080-exec-10] INFO  com.itheima.controller.DeptController-查询所有部门数据
2026-05-27 10:56:24.546 [http-nio-8080-exec-1] INFO  com.itheima.controller.DeptController-查询所有部门数据
2026-05-27 10:56:24.546 [http-nio-8080-exec-6] INFO  com.itheima.controller.EmpController-员工列表查询条件：EmpQueryParam(page=1, pageSize=10, name=, gender=null, begin=null, end=null)
2026-05-27 10:57:54.370 [SpringApplicationShutdownHook] INFO  com.zaxxer.hikari.HikariDataSource-HikariPool-1 - Shutdown initiated...
2026-05-27 10:57:54.382 [SpringApplicationShutdownHook] INFO  com.zaxxer.hikari.HikariDataSource-HikariPool-1 - Shutdown completed.
2026-05-27 11:02:08.969 [main] INFO  com.itheima.TliasWebManagementApplication-Starting TliasWebManagementApplication using Java 17.0.13 with PID 14432 (C:\shixun\Talis\target\classes started by 徐坤 in C:\shixun\Talis)
2026-05-27 11:02:08.971 [main] INFO  com.itheima.TliasWebManagementApplication-No active profile set, falling back to 1 default profile: "default"
2026-05-27 11:02:09.918 [main] INFO  o.s.boot.web.embedded.tomcat.TomcatWebServer-Tomcat initialized with port 8080 (http)
2026-05-27 11:02:09.929 [main] INFO  org.apache.coyote.http11.Http11NioProtocol-Initializing ProtocolHandler ["http-nio-8080"]
2026-05-27 11:02:09.931 [main] INFO  org.apache.catalina.core.StandardService-Starting service [Tomcat]
2026-05-27 11:02:09.931 [main] INFO  org.apache.catalina.core.StandardEngine-Starting Servlet engine: [Apache Tomcat/10.1.39]
2026-05-27 11:02:09.984 [main] INFO  o.a.c.core.ContainerBase.[Tomcat].[localhost].[/]-Initializing Spring embedded WebApplicationContext
2026-05-27 11:02:09.984 [main] INFO  o.s.b.w.s.c.ServletWebServerApplicationContext-Root WebApplicationContext: initialization completed in 969 ms
2026-05-27 11:02:10.523 [main] INFO  o.s.b.a.web.servlet.WelcomePageHandlerMapping-Adding welcome page: class path resource [static/index.html]
2026-05-27 11:02:10.768 [main] INFO  org.apache.coyote.http11.Http11NioProtocol-Starting ProtocolHandler ["http-nio-8080"]
2026-05-27 11:02:10.786 [main] INFO  o.s.boot.web.embedded.tomcat.TomcatWebServer-Tomcat started on port 8080 (http) with context path '/'
2026-05-27 11:02:10.795 [main] INFO  com.itheima.TliasWebManagementApplication-Started TliasWebManagementApplication in 2.236 seconds (process running for 2.978)
2026-05-27 11:02:27.946 [http-nio-8080-exec-1] INFO  o.a.c.core.ContainerBase.[Tomcat].[localhost].[/]-Initializing Spring DispatcherServlet 'dispatcherServlet'
2026-05-27 11:02:27.946 [http-nio-8080-exec-1] INFO  org.springframework.web.servlet.DispatcherServlet-Initializing Servlet 'dispatcherServlet'
2026-05-27 11:02:27.946 [http-nio-8080-exec-1] INFO  org.springframework.web.servlet.DispatcherServlet-Completed initialization in 0 ms
2026-05-27 11:02:27.996 [http-nio-8080-exec-1] INFO  com.itheima.controller.DeptController-查询所有部门数据
2026-05-27 11:02:28.127 [http-nio-8080-exec-1] INFO  com.zaxxer.hikari.HikariDataSource-HikariPool-1 - Starting...
2026-05-27 11:02:28.351 [http-nio-8080-exec-1] INFO  com.zaxxer.hikari.pool.HikariPool-HikariPool-1 - Added connection com.mysql.cj.jdbc.ConnectionImpl@3bc7f3ae
2026-05-27 11:02:28.351 [http-nio-8080-exec-1] INFO  com.zaxxer.hikari.HikariDataSource-HikariPool-1 - Start completed.
2026-05-27 11:02:28.986 [http-nio-8080-exec-3] INFO  com.itheima.controller.DeptController-查询所有部门数据
2026-05-27 11:02:29.016 [http-nio-8080-exec-2] INFO  com.itheima.controller.EmpController-员工列表查询条件：EmpQueryParam(page=1, pageSize=10, name=, gender=null, begin=null, end=null)
2026-05-27 11:02:30.616 [http-nio-8080-exec-5] INFO  com.itheima.controller.DeptController-查询所有部门数据
2026-05-27 11:02:30.620 [http-nio-8080-exec-4] INFO  com.itheima.controller.EmpController-员工列表查询条件：EmpQueryParam(page=1, pageSize=10, name=, gender=null, begin=null, end=null)
2026-05-27 11:07:43.132 [SpringApplicationShutdownHook] INFO  com.zaxxer.hikari.HikariDataSource-HikariPool-1 - Shutdown initiated...
2026-05-27 11:07:43.144 [SpringApplicationShutdownHook] INFO  com.zaxxer.hikari.HikariDataSource-HikariPool-1 - Shutdown completed.
2026-05-27 11:07:46.170 [main] INFO  com.itheima.TliasWebManagementApplication-Starting TliasWebManagementApplication using Java 17.0.13 with PID 5656 (C:\shixun\Talis\target\classes started by 徐坤 in C:\shixun\Talis)
2026-05-27 11:07:46.172 [main] INFO  com.itheima.TliasWebManagementApplication-No active profile set, falling back to 1 default profile: "default"
2026-05-27 11:07:47.132 [main] INFO  o.s.boot.web.embedded.tomcat.TomcatWebServer-Tomcat initialized with port 8080 (http)
2026-05-27 11:07:47.143 [main] INFO  org.apache.coyote.http11.Http11NioProtocol-Initializing ProtocolHandler ["http-nio-8080"]
2026-05-27 11:07:47.145 [main] INFO  org.apache.catalina.core.StandardService-Starting service [Tomcat]
2026-05-27 11:07:47.146 [main] INFO  org.apache.catalina.core.StandardEngine-Starting Servlet engine: [Apache Tomcat/10.1.39]
2026-05-27 11:07:47.200 [main] INFO  o.a.c.core.ContainerBase.[Tomcat].[localhost].[/]-Initializing Spring embedded WebApplicationContext
2026-05-27 11:07:47.200 [main] INFO  o.s.b.w.s.c.ServletWebServerApplicationContext-Root WebApplicationContext: initialization completed in 981 ms
2026-05-27 11:07:47.786 [main] INFO  o.s.b.a.web.servlet.WelcomePageHandlerMapping-Adding welcome page: class path resource [static/index.html]
2026-05-27 11:07:48.027 [main] INFO  org.apache.coyote.http11.Http11NioProtocol-Starting ProtocolHandler ["http-nio-8080"]
2026-05-27 11:07:48.045 [main] INFO  o.s.boot.web.embedded.tomcat.TomcatWebServer-Tomcat started on port 8080 (http) with context path '/'
2026-05-27 11:07:48.055 [main] INFO  com.itheima.TliasWebManagementApplication-Started TliasWebManagementApplication in 2.283 seconds (process running for 3.05)
2026-05-27 11:07:53.950 [http-nio-8080-exec-1] INFO  o.a.c.core.ContainerBase.[Tomcat].[localhost].[/]-Initializing Spring DispatcherServlet 'dispatcherServlet'
2026-05-27 11:07:53.950 [http-nio-8080-exec-1] INFO  org.springframework.web.servlet.DispatcherServlet-Initializing Servlet 'dispatcherServlet'
2026-05-27 11:07:53.950 [http-nio-8080-exec-1] INFO  org.springframework.web.servlet.DispatcherServlet-Completed initialization in 0 ms
2026-05-27 11:07:54.005 [http-nio-8080-exec-1] INFO  com.itheima.controller.DeptController-查询所有部门数据
2026-05-27 11:07:54.130 [http-nio-8080-exec-1] INFO  com.zaxxer.hikari.HikariDataSource-HikariPool-1 - Starting...
2026-05-27 11:07:54.356 [http-nio-8080-exec-1] INFO  com.zaxxer.hikari.pool.HikariPool-HikariPool-1 - Added connection com.mysql.cj.jdbc.ConnectionImpl@496456c7
2026-05-27 11:07:54.360 [http-nio-8080-exec-1] INFO  com.zaxxer.hikari.HikariDataSource-HikariPool-1 - Start completed.
2026-05-27 11:07:54.943 [http-nio-8080-exec-2] INFO  com.itheima.controller.DeptController-查询所有部门数据
2026-05-27 11:07:54.970 [http-nio-8080-exec-4] INFO  com.itheima.controller.EmpController-员工列表查询条件：EmpQueryParam(page=1, pageSize=10, name=, gender=null, begin=null, end=null)
2026-05-27 11:07:56.514 [http-nio-8080-exec-3] INFO  com.itheima.controller.DeptController-查询所有部门数据
2026-05-27 11:07:57.220 [http-nio-8080-exec-6] INFO  com.itheima.controller.DeptController-查询所有部门数据
2026-05-27 11:07:57.220 [http-nio-8080-exec-8] INFO  com.itheima.controller.EmpController-员工列表查询条件：EmpQueryParam(page=1, pageSize=10, name=, gender=null, begin=null, end=null)
2026-05-27 11:09:13.474 [http-nio-8080-exec-7] INFO  com.itheima.controller.DeptController-查询所有部门数据
2026-05-27 11:09:13.800 [http-nio-8080-exec-9] INFO  com.itheima.controller.DeptController-查询所有部门数据
2026-05-27 11:09:13.807 [http-nio-8080-exec-5] INFO  com.itheima.controller.EmpController-员工列表查询条件：EmpQueryParam(page=1, pageSize=10, name=, gender=null, begin=null, end=null)
2026-05-27 11:09:17.004 [http-nio-8080-exec-10] INFO  com.itheima.controller.EmpController-员工列表查询条件：EmpQueryParam(page=1, pageSize=10, name=, gender=null, begin=null, end=null)
2026-05-27 11:09:19.712 [http-nio-8080-exec-1] INFO  com.itheima.controller.EmpController-员工列表查询条件：EmpQueryParam(page=1, pageSize=10, name=李, gender=null, begin=null, end=null)
2026-05-27 11:09:37.340 [SpringApplicationShutdownHook] INFO  com.zaxxer.hikari.HikariDataSource-HikariPool-1 - Shutdown initiated...
2026-05-27 11:09:37.350 [SpringApplicationShutdownHook] INFO  com.zaxxer.hikari.HikariDataSource-HikariPool-1 - Shutdown completed.
2026-05-27 11:19:31.674 [main] INFO  com.itheima.TliasWebManagementApplication-Starting TliasWebManagementApplication using Java 17.0.13 with PID 14664 (C:\shixun\Talis\target\classes started by 徐坤 in C:\shixun\Talis)
2026-05-27 11:19:31.676 [main] INFO  com.itheima.TliasWebManagementApplication-No active profile set, falling back to 1 default profile: "default"
2026-05-27 11:19:32.567 [main] INFO  o.s.boot.web.embedded.tomcat.TomcatWebServer-Tomcat initialized with port 8080 (http)
2026-05-27 11:19:32.577 [main] INFO  org.apache.coyote.http11.Http11NioProtocol-Initializing ProtocolHandler ["http-nio-8080"]
2026-05-27 11:19:32.578 [main] INFO  org.apache.catalina.core.StandardService-Starting service [Tomcat]
2026-05-27 11:19:32.578 [main] INFO  org.apache.catalina.core.StandardEngine-Starting Servlet engine: [Apache Tomcat/10.1.39]
2026-05-27 11:19:32.623 [main] INFO  o.a.c.core.ContainerBase.[Tomcat].[localhost].[/]-Initializing Spring embedded WebApplicationContext
2026-05-27 11:19:32.623 [main] INFO  o.s.b.w.s.c.ServletWebServerApplicationContext-Root WebApplicationContext: initialization completed in 904 ms
2026-05-27 11:19:33.163 [main] INFO  o.s.b.a.web.servlet.WelcomePageHandlerMapping-Adding welcome page: class path resource [static/index.html]
2026-05-27 11:19:33.420 [main] INFO  org.apache.coyote.http11.Http11NioProtocol-Starting ProtocolHandler ["http-nio-8080"]
2026-05-27 11:19:33.441 [main] INFO  o.s.boot.web.embedded.tomcat.TomcatWebServer-Tomcat started on port 8080 (http) with context path '/'
2026-05-27 11:19:33.450 [main] INFO  com.itheima.TliasWebManagementApplication-Started TliasWebManagementApplication in 2.162 seconds (process running for 2.884)
2026-05-27 11:19:40.699 [http-nio-8080-exec-1] INFO  o.a.c.core.ContainerBase.[Tomcat].[localhost].[/]-Initializing Spring DispatcherServlet 'dispatcherServlet'
2026-05-27 11:19:40.699 [http-nio-8080-exec-1] INFO  org.springframework.web.servlet.DispatcherServlet-Initializing Servlet 'dispatcherServlet'
2026-05-27 11:19:40.699 [http-nio-8080-exec-1] INFO  org.springframework.web.servlet.DispatcherServlet-Completed initialization in 0 ms
2026-05-27 11:19:40.748 [http-nio-8080-exec-1] INFO  com.itheima.controller.DeptController-查询所有部门数据
2026-05-27 11:19:40.872 [http-nio-8080-exec-1] INFO  com.zaxxer.hikari.HikariDataSource-HikariPool-1 - Starting...
2026-05-27 11:19:41.117 [http-nio-8080-exec-1] INFO  com.zaxxer.hikari.pool.HikariPool-HikariPool-1 - Added connection com.mysql.cj.jdbc.ConnectionImpl@5f8605f9
2026-05-27 11:19:41.124 [http-nio-8080-exec-1] INFO  com.zaxxer.hikari.HikariDataSource-HikariPool-1 - Start completed.
2026-05-27 11:19:41.915 [http-nio-8080-exec-5] INFO  com.itheima.controller.DeptController-查询所有部门数据
2026-05-27 11:19:41.942 [http-nio-8080-exec-2] INFO  com.itheima.controller.EmpController-员工列表查询条件：EmpQueryParam(page=1, pageSize=10, name=, gender=null, begin=null, end=null)
2026-05-27 11:19:48.271 [http-nio-8080-exec-3] INFO  com.itheima.controller.EmpController-根据ID查询员工信息，id：86
2026-05-27 11:19:55.643 [http-nio-8080-exec-4] INFO  com.itheima.controller.EmpController-根据ID查询员工信息，id：86
2026-05-27 11:19:58.343 [http-nio-8080-exec-6] INFO  com.itheima.controller.EmpController-修改员工信息，员工信息：Emp(id=86, username=xhj, password=123456, name=谢豪杰, gender=1, phone=17360223610, job=4, salary=1000, image=, entryDate=2026-05-21, deptId=49, createTime=2026-05-27T10:39:17, updateTime=2026-05-27T10:39:17, deptName=null, exprList=null)
2026-05-27 11:19:58.379 [http-nio-8080-exec-7] INFO  com.itheima.controller.EmpController-员工列表查询条件：EmpQueryParam(page=1, pageSize=10, name=, gender=null, begin=null, end=null)
2026-05-27 11:20:01.634 [http-nio-8080-exec-9] INFO  com.itheima.controller.DeptController-查询所有部门数据
2026-05-27 11:20:01.635 [http-nio-8080-exec-8] INFO  com.itheima.controller.EmpController-员工列表查询条件：EmpQueryParam(page=1, pageSize=10, name=, gender=null, begin=null, end=null)
2026-05-27 11:20:03.344 [http-nio-8080-exec-10] INFO  com.itheima.controller.EmpController-根据ID查询员工信息，id：86
2026-05-27 11:20:06.197 [http-nio-8080-exec-1] INFO  com.itheima.controller.EmpController-修改员工信息，员工信息：Emp(id=86, username=xhj, password=123456, name=谢豪杰, gender=1, phone=17360223610, job=5, salary=1000, image=, entryDate=2026-05-21, deptId=49, createTime=2026-05-27T10:39:17, updateTime=2026-05-27T10:39:17, deptName=null, exprList=null)
2026-05-27 11:20:06.209 [http-nio-8080-exec-5] INFO  com.itheima.controller.EmpController-员工列表查询条件：EmpQueryParam(page=1, pageSize=10, name=, gender=null, begin=null, end=null)
2026-05-27 11:20:21.688 [http-nio-8080-exec-2] INFO  com.itheima.controller.EmpController-批量删除学生，[86]
2026-05-27 11:20:21.708 [http-nio-8080-exec-3] INFO  com.itheima.controller.EmpController-员工列表查询条件：EmpQueryParam(page=1, pageSize=10, name=, gender=null, begin=null, end=null)
2026-05-27 11:20:23.629 [http-nio-8080-exec-6] INFO  com.itheima.controller.DeptController-查询所有部门数据
2026-05-27 11:20:23.629 [http-nio-8080-exec-4] INFO  com.itheima.controller.EmpController-员工列表查询条件：EmpQueryParam(page=1, pageSize=10, name=, gender=null, begin=null, end=null)
2026-05-27 11:21:39.881 [SpringApplicationShutdownHook] INFO  com.zaxxer.hikari.HikariDataSource-HikariPool-1 - Shutdown initiated...
2026-05-27 11:21:39.895 [SpringApplicationShutdownHook] INFO  com.zaxxer.hikari.HikariDataSource-HikariPool-1 - Shutdown completed.
2026-05-27 11:21:45.235 [main] INFO  com.itheima.TliasWebManagementApplication-Starting TliasWebManagementApplication using Java 17.0.13 with PID 18088 (C:\shixun\Talis\target\classes started by 徐坤 in C:\shixun\Talis)
2026-05-27 11:21:45.237 [main] INFO  com.itheima.TliasWebManagementApplication-No active profile set, falling back to 1 default profile: "default"
2026-05-27 11:21:46.094 [main] INFO  o.s.boot.web.embedded.tomcat.TomcatWebServer-Tomcat initialized with port 8080 (http)
2026-05-27 11:21:46.103 [main] INFO  org.apache.coyote.http11.Http11NioProtocol-Initializing ProtocolHandler ["http-nio-8080"]
2026-05-27 11:21:46.105 [main] INFO  org.apache.catalina.core.StandardService-Starting service [Tomcat]
2026-05-27 11:21:46.105 [main] INFO  org.apache.catalina.core.StandardEngine-Starting Servlet engine: [Apache Tomcat/10.1.39]
2026-05-27 11:21:46.147 [main] INFO  o.a.c.core.ContainerBase.[Tomcat].[localhost].[/]-Initializing Spring embedded WebApplicationContext
2026-05-27 11:21:46.147 [main] INFO  o.s.b.w.s.c.ServletWebServerApplicationContext-Root WebApplicationContext: initialization completed in 868 ms
2026-05-27 11:21:46.652 [main] INFO  o.s.b.a.web.servlet.WelcomePageHandlerMapping-Adding welcome page: class path resource [static/index.html]
2026-05-27 11:21:46.884 [main] INFO  org.apache.coyote.http11.Http11NioProtocol-Starting ProtocolHandler ["http-nio-8080"]
2026-05-27 11:21:46.903 [main] INFO  o.s.boot.web.embedded.tomcat.TomcatWebServer-Tomcat started on port 8080 (http) with context path '/'
2026-05-27 11:21:46.910 [main] INFO  com.itheima.TliasWebManagementApplication-Started TliasWebManagementApplication in 2.081 seconds (process running for 2.885)
2026-05-27 11:21:50.306 [http-nio-8080-exec-4] INFO  o.a.c.core.ContainerBase.[Tomcat].[localhost].[/]-Initializing Spring DispatcherServlet 'dispatcherServlet'
2026-05-27 11:21:50.306 [http-nio-8080-exec-4] INFO  org.springframework.web.servlet.DispatcherServlet-Initializing Servlet 'dispatcherServlet'
2026-05-27 11:21:50.306 [http-nio-8080-exec-4] INFO  org.springframework.web.servlet.DispatcherServlet-Completed initialization in 0 ms
2026-05-27 11:21:50.341 [http-nio-8080-exec-4] INFO  com.itheima.controller.DeptController-查询所有部门数据
2026-05-27 11:21:50.361 [http-nio-8080-exec-1] INFO  com.itheima.controller.EmpController-员工列表查询条件：EmpQueryParam(page=1, pageSize=10, name=, gender=null, begin=null, end=null)
2026-05-27 11:21:50.441 [http-nio-8080-exec-4] INFO  com.zaxxer.hikari.HikariDataSource-HikariPool-1 - Starting...
2026-05-27 11:21:50.646 [http-nio-8080-exec-4] INFO  com.zaxxer.hikari.pool.HikariPool-HikariPool-1 - Added connection com.mysql.cj.jdbc.ConnectionImpl@519ed49a
2026-05-27 11:21:50.650 [http-nio-8080-exec-4] INFO  com.zaxxer.hikari.HikariDataSource-HikariPool-1 - Start completed.
2026-05-27 11:22:51.541 [http-nio-8080-exec-2] INFO  com.itheima.controller.EmpController-新增员工，员工信息：Emp(id=null, username=xhj, password=null, name=谢豪杰, gender=1, phone=17360223610, job=5, salary=1000, image=, entryDate=2026-05-21, deptId=50, createTime=null, updateTime=null, deptName=null, exprList=[EmpExpr(id=null, empId=null, begin=2026-05-01, end=2026-06-02, company=hj, job=咨询师)])
2026-05-27 11:22:51.583 [http-nio-8080-exec-2] DEBUG o.s.jdbc.support.JdbcTransactionManager-Creating new transaction with name [com.itheima.service.impl.EmpServiceImpl.saveEmp]: PROPAGATION_REQUIRED,ISOLATION_DEFAULT,-java.lang.Exception
2026-05-27 11:22:51.594 [http-nio-8080-exec-2] DEBUG o.s.jdbc.support.JdbcTransactionManager-Acquired Connection [HikariProxyConnection@143966056 wrapping com.mysql.cj.jdbc.ConnectionImpl@519ed49a] for JDBC transaction
2026-05-27 11:22:51.598 [http-nio-8080-exec-2] DEBUG o.s.jdbc.support.JdbcTransactionManager-Switching JDBC Connection [HikariProxyConnection@143966056 wrapping com.mysql.cj.jdbc.ConnectionImpl@519ed49a] to manual commit
2026-05-27 11:22:51.624 [http-nio-8080-exec-2] DEBUG o.s.jdbc.support.JdbcTransactionManager-Participating in existing transaction
2026-05-27 11:22:51.641 [http-nio-8080-exec-2] DEBUG o.s.jdbc.support.JdbcTransactionManager-Initiating transaction commit
2026-05-27 11:22:51.642 [http-nio-8080-exec-2] DEBUG o.s.jdbc.support.JdbcTransactionManager-Committing JDBC transaction on Connection [HikariProxyConnection@143966056 wrapping com.mysql.cj.jdbc.ConnectionImpl@519ed49a]
2026-05-27 11:22:51.646 [http-nio-8080-exec-2] DEBUG o.s.jdbc.support.JdbcTransactionManager-Releasing JDBC Connection [HikariProxyConnection@143966056 wrapping com.mysql.cj.jdbc.ConnectionImpl@519ed49a] after transaction
2026-05-27 11:22:51.666 [http-nio-8080-exec-3] INFO  com.itheima.controller.EmpController-员工列表查询条件：EmpQueryParam(page=1, pageSize=10, name=, gender=null, begin=null, end=null)
2026-05-27 11:22:54.540 [http-nio-8080-exec-5] INFO  com.itheima.controller.EmpController-根据ID查询员工信息，id：87
2026-05-27 11:22:57.336 [http-nio-8080-exec-6] INFO  com.itheima.controller.EmpController-修改员工信息，员工信息：Emp(id=87, username=xhj, password=123456, name=谢豪杰, gender=1, phone=17360223610, job=5, salary=1000, image=, entryDate=2026-05-21, deptId=51, createTime=2026-05-27T11:22:52, updateTime=2026-05-27T11:22:52, deptName=null, exprList=null)
2026-05-27 11:22:57.361 [http-nio-8080-exec-7] INFO  com.itheima.controller.EmpController-员工列表查询条件：EmpQueryParam(page=1, pageSize=10, name=, gender=null, begin=null, end=null)
2026-05-27 11:23:41.946 [http-nio-8080-exec-8] INFO  com.itheima.controller.EmpController-新增员工，员工信息：Emp(id=null, username=xzf, password=null, name=徐子凡, gender=1, phone=19194200739, job=4, salary=500, image=, entryDate=2026-05-13, deptId=47, createTime=null, updateTime=null, deptName=null, exprList=[EmpExpr(id=null, empId=null, begin=2026-05-02, end=2026-06-10, company=zf, job=主管)])
2026-05-27 11:23:41.946 [http-nio-8080-exec-8] DEBUG o.s.jdbc.support.JdbcTransactionManager-Creating new transaction with name [com.itheima.service.impl.EmpServiceImpl.saveEmp]: PROPAGATION_REQUIRED,ISOLATION_DEFAULT,-java.lang.Exception
2026-05-27 11:23:41.946 [http-nio-8080-exec-8] DEBUG o.s.jdbc.support.JdbcTransactionManager-Acquired Connection [HikariProxyConnection@1821197793 wrapping com.mysql.cj.jdbc.ConnectionImpl@519ed49a] for JDBC transaction
2026-05-27 11:23:41.946 [http-nio-8080-exec-8] DEBUG o.s.jdbc.support.JdbcTransactionManager-Switching JDBC Connection [HikariProxyConnection@1821197793 wrapping com.mysql.cj.jdbc.ConnectionImpl@519ed49a] to manual commit
2026-05-27 11:23:41.950 [http-nio-8080-exec-8] DEBUG o.s.jdbc.support.JdbcTransactionManager-Participating in existing transaction
2026-05-27 11:23:41.951 [http-nio-8080-exec-8] DEBUG o.s.jdbc.support.JdbcTransactionManager-Initiating transaction commit
2026-05-27 11:23:41.951 [http-nio-8080-exec-8] DEBUG o.s.jdbc.support.JdbcTransactionManager-Committing JDBC transaction on Connection [HikariProxyConnection@1821197793 wrapping com.mysql.cj.jdbc.ConnectionImpl@519ed49a]
2026-05-27 11:23:41.951 [http-nio-8080-exec-8] DEBUG o.s.jdbc.support.JdbcTransactionManager-Releasing JDBC Connection [HikariProxyConnection@1821197793 wrapping com.mysql.cj.jdbc.ConnectionImpl@519ed49a] after transaction
2026-05-27 11:23:41.973 [http-nio-8080-exec-9] INFO  com.itheima.controller.EmpController-员工列表查询条件：EmpQueryParam(page=1, pageSize=10, name=, gender=null, begin=null, end=null)
2026-05-27 11:23:57.327 [http-nio-8080-exec-10] INFO  com.itheima.controller.EmpController-批量删除学生，[88, 87]
2026-05-27 11:23:57.359 [http-nio-8080-exec-1] INFO  com.itheima.controller.EmpController-员工列表查询条件：EmpQueryParam(page=1, pageSize=10, name=, gender=null, begin=null, end=null)
2026-05-27 11:24:00.937 [http-nio-8080-exec-4] INFO  com.itheima.controller.EmpController-根据ID查询员工信息，id：85
2026-05-27 11:24:03.286 [http-nio-8080-exec-2] INFO  com.itheima.controller.EmpController-修改员工信息，员工信息：Emp(id=85, username=xx, password=123456, name=肖翔, gender=1, phone=13870095281, job=2, salary=10000, image=, entryDate=2026-05-20, deptId=3, createTime=2026-05-27T10:30:16, updateTime=2026-05-27T10:30:16, deptName=null, exprList=null)
2026-05-27 11:24:03.309 [http-nio-8080-exec-3] INFO  com.itheima.controller.EmpController-员工列表查询条件：EmpQueryParam(page=1, pageSize=10, name=, gender=null, begin=null, end=null)
2026-05-27 11:24:21.252 [http-nio-8080-exec-5] INFO  com.itheima.controller.EmpController-员工列表查询条件：EmpQueryParam(page=1, pageSize=10, name=翔, gender=null, begin=null, end=null)
2026-05-27 11:24:35.302 [http-nio-8080-exec-6] INFO  com.itheima.controller.EmpController-员工列表查询条件：EmpQueryParam(page=1, pageSize=10, name=, gender=null, begin=null, end=null)
2026-05-27 11:24:37.842 [http-nio-8080-exec-7] INFO  com.itheima.controller.EmpController-根据ID查询员工信息，id：85
2026-05-27 11:24:39.763 [http-nio-8080-exec-8] INFO  com.itheima.controller.EmpController-修改员工信息，员工信息：Emp(id=85, username=xx, password=123456, name=肖翔, gender=1, phone=13870095281, job=2, salary=10000, image=, entryDate=2026-05-20, deptId=1, createTime=2026-05-27T10:30:16, updateTime=2026-05-27T10:30:16, deptName=null, exprList=null)
2026-05-27 11:24:39.785 [http-nio-8080-exec-9] INFO  com.itheima.controller.EmpController-员工列表查询条件：EmpQueryParam(page=1, pageSize=10, name=, gender=null, begin=null, end=null)
2026-05-27 11:25:06.934 [http-nio-8080-exec-10] INFO  com.itheima.controller.EmpController-根据ID查询员工信息，id：85
2026-05-27 11:25:08.835 [http-nio-8080-exec-1] INFO  com.itheima.controller.EmpController-修改员工信息，员工信息：Emp(id=85, username=xx, password=123456, name=肖翔, gender=1, phone=13870095281, job=2, salary=10000, image=, entryDate=2026-05-20, deptId=2, createTime=2026-05-27T10:30:16, updateTime=2026-05-27T10:30:16, deptName=null, exprList=null)
2026-05-27 11:25:08.857 [http-nio-8080-exec-4] INFO  com.itheima.controller.EmpController-员工列表查询条件：EmpQueryParam(page=1, pageSize=10, name=, gender=null, begin=null, end=null)
2026-05-27 11:28:19.084 [SpringApplicationShutdownHook] INFO  com.zaxxer.hikari.HikariDataSource-HikariPool-1 - Shutdown initiated...
2026-05-27 11:28:19.093 [SpringApplicationShutdownHook] INFO  com.zaxxer.hikari.HikariDataSource-HikariPool-1 - Shutdown completed.
2026-05-27 11:28:23.923 [main] INFO  com.itheima.TliasWebManagementApplication-Starting TliasWebManagementApplication using Java 17.0.13 with PID 8260 (C:\shixun\Talis\target\classes started by 徐坤 in C:\shixun\Talis)
2026-05-27 11:28:23.925 [main] INFO  com.itheima.TliasWebManagementApplication-No active profile set, falling back to 1 default profile: "default"
2026-05-27 11:28:24.813 [main] INFO  o.s.boot.web.embedded.tomcat.TomcatWebServer-Tomcat initialized with port 8080 (http)
2026-05-27 11:28:24.823 [main] INFO  org.apache.coyote.http11.Http11NioProtocol-Initializing ProtocolHandler ["http-nio-8080"]
2026-05-27 11:28:24.825 [main] INFO  org.apache.catalina.core.StandardService-Starting service [Tomcat]
2026-05-27 11:28:24.825 [main] INFO  org.apache.catalina.core.StandardEngine-Starting Servlet engine: [Apache Tomcat/10.1.39]
2026-05-27 11:28:24.871 [main] INFO  o.a.c.core.ContainerBase.[Tomcat].[localhost].[/]-Initializing Spring embedded WebApplicationContext
2026-05-27 11:28:24.872 [main] INFO  o.s.b.w.s.c.ServletWebServerApplicationContext-Root WebApplicationContext: initialization completed in 899 ms
2026-05-27 11:28:25.409 [main] INFO  o.s.b.a.web.servlet.WelcomePageHandlerMapping-Adding welcome page: class path resource [static/index.html]
2026-05-27 11:28:25.657 [main] INFO  org.apache.coyote.http11.Http11NioProtocol-Starting ProtocolHandler ["http-nio-8080"]
2026-05-27 11:28:25.676 [main] INFO  o.s.boot.web.embedded.tomcat.TomcatWebServer-Tomcat started on port 8080 (http) with context path '/'
2026-05-27 11:28:25.683 [main] INFO  com.itheima.TliasWebManagementApplication-Started TliasWebManagementApplication in 2.16 seconds (process running for 2.91)
2026-05-27 11:28:29.209 [http-nio-8080-exec-1] INFO  o.a.c.core.ContainerBase.[Tomcat].[localhost].[/]-Initializing Spring DispatcherServlet 'dispatcherServlet'
2026-05-27 11:28:29.209 [http-nio-8080-exec-1] INFO  org.springframework.web.servlet.DispatcherServlet-Initializing Servlet 'dispatcherServlet'
2026-05-27 11:28:29.210 [http-nio-8080-exec-1] INFO  org.springframework.web.servlet.DispatcherServlet-Completed initialization in 1 ms
2026-05-27 11:28:29.238 [http-nio-8080-exec-2] INFO  com.itheima.controller.DeptController-查询所有部门数据
2026-05-27 11:28:29.259 [http-nio-8080-exec-1] INFO  com.itheima.controller.EmpController-员工列表查询条件：EmpQueryParam(page=1, pageSize=10, name=, gender=null, begin=null, end=null)
2026-05-27 11:28:29.342 [http-nio-8080-exec-2] INFO  com.zaxxer.hikari.HikariDataSource-HikariPool-1 - Starting...
2026-05-27 11:28:29.547 [http-nio-8080-exec-2] INFO  com.zaxxer.hikari.pool.HikariPool-HikariPool-1 - Added connection com.mysql.cj.jdbc.ConnectionImpl@5ac83cd6
2026-05-27 11:28:29.547 [http-nio-8080-exec-2] INFO  com.zaxxer.hikari.HikariDataSource-HikariPool-1 - Start completed.
2026-05-27 11:28:30.869 [http-nio-8080-exec-3] INFO  com.itheima.controller.EmpController-根据ID查询员工信息，id：85
2026-05-27 11:28:33.057 [http-nio-8080-exec-4] INFO  com.itheima.controller.EmpController-修改员工信息，员工信息：Emp(id=85, username=xx, password=123456, name=肖翔, gender=1, phone=13870095281, job=2, salary=10000, image=, entryDate=2026-05-20, deptId=4, createTime=2026-05-27T10:30:16, updateTime=2026-05-27T10:30:16, deptName=null, exprList=null)
2026-05-27 11:28:33.086 [http-nio-8080-exec-5] INFO  com.itheima.controller.EmpController-员工列表查询条件：EmpQueryParam(page=1, pageSize=10, name=, gender=null, begin=null, end=null)
2026-05-27 11:29:00.803 [http-nio-8080-exec-6] INFO  com.itheima.controller.EmpController-员工列表查询条件：EmpQueryParam(page=1, pageSize=10, name=李, gender=null, begin=null, end=null)
2026-05-27 11:29:02.730 [http-nio-8080-exec-7] INFO  com.itheima.controller.EmpController-员工列表查询条件：EmpQueryParam(page=1, pageSize=10, name=, gender=null, begin=null, end=null)
2026-05-27 11:29:52.147 [http-nio-8080-exec-8] INFO  com.itheima.controller.EmpController-新增员工，员工信息：Emp(id=null, username=xhj, password=null, name=谢豪杰, gender=1, phone=17360223610, job=1, salary=500, image=, entryDate=2026-05-05, deptId=48, createTime=null, updateTime=null, deptName=null, exprList=[EmpExpr(id=null, empId=null, begin=2026-05-02, end=2026-06-09, company=hj, job=班主任)])
2026-05-27 11:29:52.157 [http-nio-8080-exec-8] DEBUG o.s.jdbc.support.JdbcTransactionManager-Creating new transaction with name [com.itheima.service.impl.EmpServiceImpl.saveEmp]: PROPAGATION_REQUIRED,ISOLATION_DEFAULT,-java.lang.Exception
2026-05-27 11:29:52.164 [http-nio-8080-exec-8] DEBUG o.s.jdbc.support.JdbcTransactionManager-Acquired Connection [HikariProxyConnection@967103807 wrapping com.mysql.cj.jdbc.ConnectionImpl@5ac83cd6] for JDBC transaction
2026-05-27 11:29:52.171 [http-nio-8080-exec-8] DEBUG o.s.jdbc.support.JdbcTransactionManager-Switching JDBC Connection [HikariProxyConnection@967103807 wrapping com.mysql.cj.jdbc.ConnectionImpl@5ac83cd6] to manual commit
2026-05-27 11:29:52.185 [http-nio-8080-exec-8] DEBUG o.s.jdbc.support.JdbcTransactionManager-Participating in existing transaction
2026-05-27 11:29:52.205 [http-nio-8080-exec-8] DEBUG o.s.jdbc.support.JdbcTransactionManager-Initiating transaction commit
2026-05-27 11:29:52.205 [http-nio-8080-exec-8] DEBUG o.s.jdbc.support.JdbcTransactionManager-Committing JDBC transaction on Connection [HikariProxyConnection@967103807 wrapping com.mysql.cj.jdbc.ConnectionImpl@5ac83cd6]
2026-05-27 11:29:52.205 [http-nio-8080-exec-8] DEBUG o.s.jdbc.support.JdbcTransactionManager-Releasing JDBC Connection [HikariProxyConnection@967103807 wrapping com.mysql.cj.jdbc.ConnectionImpl@5ac83cd6] after transaction
2026-05-27 11:29:52.221 [http-nio-8080-exec-9] INFO  com.itheima.controller.EmpController-员工列表查询条件：EmpQueryParam(page=1, pageSize=10, name=, gender=null, begin=null, end=null)
2026-05-27 11:31:11.213 [SpringApplicationShutdownHook] INFO  com.zaxxer.hikari.HikariDataSource-HikariPool-1 - Shutdown initiated...
2026-05-27 11:31:11.223 [SpringApplicationShutdownHook] INFO  com.zaxxer.hikari.HikariDataSource-HikariPool-1 - Shutdown completed.
2026-05-27 11:34:29.555 [main] INFO  com.itheima.TliasWebManagementApplication-Starting TliasWebManagementApplication using Java 17.0.13 with PID 26076 (C:\shixun\Talis\target\classes started by 徐坤 in C:\shixun\Talis)
2026-05-27 11:34:29.558 [main] INFO  com.itheima.TliasWebManagementApplication-No active profile set, falling back to 1 default profile: "default"
2026-05-27 11:34:30.478 [main] INFO  o.s.boot.web.embedded.tomcat.TomcatWebServer-Tomcat initialized with port 8080 (http)
2026-05-27 11:34:30.488 [main] INFO  org.apache.coyote.http11.Http11NioProtocol-Initializing ProtocolHandler ["http-nio-8080"]
2026-05-27 11:34:30.490 [main] INFO  org.apache.catalina.core.StandardService-Starting service [Tomcat]
2026-05-27 11:34:30.490 [main] INFO  org.apache.catalina.core.StandardEngine-Starting Servlet engine: [Apache Tomcat/10.1.39]
2026-05-27 11:34:30.542 [main] INFO  o.a.c.core.ContainerBase.[Tomcat].[localhost].[/]-Initializing Spring embedded WebApplicationContext
2026-05-27 11:34:30.542 [main] INFO  o.s.b.w.s.c.ServletWebServerApplicationContext-Root WebApplicationContext: initialization completed in 939 ms
2026-05-27 11:34:31.091 [main] INFO  o.s.b.a.web.servlet.WelcomePageHandlerMapping-Adding welcome page: class path resource [static/index.html]
2026-05-27 11:34:31.343 [main] INFO  org.apache.coyote.http11.Http11NioProtocol-Starting ProtocolHandler ["http-nio-8080"]
2026-05-27 11:34:31.362 [main] INFO  o.s.boot.web.embedded.tomcat.TomcatWebServer-Tomcat started on port 8080 (http) with context path '/'
2026-05-27 11:34:31.370 [main] INFO  com.itheima.TliasWebManagementApplication-Started TliasWebManagementApplication in 2.208 seconds (process running for 3.022)
2026-05-27 11:34:43.601 [http-nio-8080-exec-2] INFO  o.a.c.core.ContainerBase.[Tomcat].[localhost].[/]-Initializing Spring DispatcherServlet 'dispatcherServlet'
2026-05-27 11:34:43.601 [http-nio-8080-exec-2] INFO  org.springframework.web.servlet.DispatcherServlet-Initializing Servlet 'dispatcherServlet'
2026-05-27 11:34:43.608 [http-nio-8080-exec-2] INFO  org.springframework.web.servlet.DispatcherServlet-Completed initialization in 7 ms
2026-05-27 11:34:43.657 [http-nio-8080-exec-2] INFO  com.itheima.controller.DeptController-查询所有部门数据
2026-05-27 11:34:43.685 [http-nio-8080-exec-1] INFO  com.itheima.controller.EmpController-员工列表查询条件：EmpQueryParam(page=1, pageSize=10, name=, gender=null, begin=null, end=null)
2026-05-27 11:34:43.796 [http-nio-8080-exec-2] INFO  com.zaxxer.hikari.HikariDataSource-HikariPool-1 - Starting...
2026-05-27 11:34:44.066 [http-nio-8080-exec-2] INFO  com.zaxxer.hikari.pool.HikariPool-HikariPool-1 - Added connection com.mysql.cj.jdbc.ConnectionImpl@cac546a
2026-05-27 11:34:44.074 [http-nio-8080-exec-2] INFO  com.zaxxer.hikari.HikariDataSource-HikariPool-1 - Start completed.
2026-05-27 11:34:45.878 [http-nio-8080-exec-4] INFO  com.itheima.controller.EmpController-根据ID查询员工信息，id：89
2026-05-27 11:34:48.081 [http-nio-8080-exec-3] INFO  com.itheima.controller.EmpController-修改员工信息，员工信息：Emp(id=89, username=xhj, password=123456, name=谢豪杰, gender=1, phone=17360223610, job=1, salary=500, image=, entryDate=2026-05-05, deptId=4, createTime=2026-05-27T11:29:52, updateTime=2026-05-27T11:29:52, deptName=null, exprList=null)
2026-05-27 11:34:48.116 [http-nio-8080-exec-5] INFO  com.itheima.controller.EmpController-员工列表查询条件：EmpQueryParam(page=1, pageSize=10, name=, gender=null, begin=null, end=null)
2026-05-27 11:34:52.580 [http-nio-8080-exec-10] INFO  com.itheima.controller.EmpController-根据ID查询员工信息，id：85
2026-05-27 11:34:54.253 [http-nio-8080-exec-7] INFO  com.itheima.controller.EmpController-修改员工信息，员工信息：Emp(id=85, username=xx, password=123456, name=肖翔, gender=1, phone=13870095281, job=2, salary=10000, image=, entryDate=2026-05-20, deptId=2, createTime=2026-05-27T10:30:16, updateTime=2026-05-27T10:30:16, deptName=null, exprList=null)
2026-05-27 11:34:54.274 [http-nio-8080-exec-8] INFO  com.itheima.controller.EmpController-员工列表查询条件：EmpQueryParam(page=1, pageSize=10, name=, gender=null, begin=null, end=null)
2026-05-27 11:34:55.892 [http-nio-8080-exec-6] INFO  com.itheima.controller.DeptController-查询所有部门数据
2026-05-27 11:34:55.898 [http-nio-8080-exec-9] INFO  com.itheima.controller.EmpController-员工列表查询条件：EmpQueryParam(page=1, pageSize=10, name=, gender=null, begin=null, end=null)
2026-05-27 11:34:57.954 [http-nio-8080-exec-1] INFO  com.itheima.controller.EmpController-根据ID查询员工信息，id：89
2026-05-27 11:35:00.442 [http-nio-8080-exec-2] INFO  com.itheima.controller.EmpController-修改员工信息，员工信息：Emp(id=89, username=xhj, password=123456, name=谢豪杰, gender=1, phone=17360223610, job=1, salary=500, image=, entryDate=2026-05-05, deptId=3, createTime=2026-05-27T11:29:52, updateTime=2026-05-27T11:29:52, deptName=null, exprList=null)
2026-05-27 11:35:00.462 [http-nio-8080-exec-4] INFO  com.itheima.controller.EmpController-员工列表查询条件：EmpQueryParam(page=1, pageSize=10, name=, gender=null, begin=null, end=null)
2026-05-27 11:35:12.555 [SpringApplicationShutdownHook] INFO  com.zaxxer.hikari.HikariDataSource-HikariPool-1 - Shutdown initiated...
2026-05-27 11:35:12.563 [SpringApplicationShutdownHook] INFO  com.zaxxer.hikari.HikariDataSource-HikariPool-1 - Shutdown completed.
2026-05-27 19:01:49.043 [main] INFO  com.itheima.TliasWebManagementApplication-Starting TliasWebManagementApplication using Java 17.0.13 with PID 2432 (C:\shixun\Talis\target\classes started by 徐坤 in C:\shixun\Talis)
2026-05-27 19:01:49.046 [main] INFO  com.itheima.TliasWebManagementApplication-No active profile set, falling back to 1 default profile: "default"
2026-05-27 19:01:50.266 [main] INFO  o.s.boot.web.embedded.tomcat.TomcatWebServer-Tomcat initialized with port 8080 (http)
2026-05-27 19:01:50.279 [main] INFO  org.apache.coyote.http11.Http11NioProtocol-Initializing ProtocolHandler ["http-nio-8080"]
2026-05-27 19:01:50.281 [main] INFO  org.apache.catalina.core.StandardService-Starting service [Tomcat]
2026-05-27 19:01:50.281 [main] INFO  org.apache.catalina.core.StandardEngine-Starting Servlet engine: [Apache Tomcat/10.1.39]
2026-05-27 19:01:50.580 [main] INFO  o.a.c.core.ContainerBase.[Tomcat].[localhost].[/]-Initializing Spring embedded WebApplicationContext
2026-05-27 19:01:50.580 [main] INFO  o.s.b.w.s.c.ServletWebServerApplicationContext-Root WebApplicationContext: initialization completed in 1492 ms
2026-05-27 19:01:51.397 [main] INFO  o.s.b.a.web.servlet.WelcomePageHandlerMapping-Adding welcome page: class path resource [static/index.html]
2026-05-27 19:01:51.690 [main] INFO  org.apache.coyote.http11.Http11NioProtocol-Starting ProtocolHandler ["http-nio-8080"]
2026-05-27 19:01:51.708 [main] INFO  o.s.boot.web.embedded.tomcat.TomcatWebServer-Tomcat started on port 8080 (http) with context path '/'
2026-05-27 19:01:51.715 [main] INFO  com.itheima.TliasWebManagementApplication-Started TliasWebManagementApplication in 3.057 seconds (process running for 4.014)
2026-05-27 19:02:02.198 [http-nio-8080-exec-1] INFO  o.a.c.core.ContainerBase.[Tomcat].[localhost].[/]-Initializing Spring DispatcherServlet 'dispatcherServlet'
2026-05-27 19:02:02.199 [http-nio-8080-exec-1] INFO  org.springframework.web.servlet.DispatcherServlet-Initializing Servlet 'dispatcherServlet'
2026-05-27 19:02:02.200 [http-nio-8080-exec-1] INFO  org.springframework.web.servlet.DispatcherServlet-Completed initialization in 1 ms
2026-05-27 19:02:02.246 [http-nio-8080-exec-3] INFO  com.itheima.controller.DeptController-查询所有部门数据
2026-05-27 19:02:02.269 [http-nio-8080-exec-1] INFO  com.itheima.controller.EmpController-员工列表查询条件：EmpQueryParam(page=1, pageSize=10, name=, gender=null, begin=null, end=null)
2026-05-27 19:02:02.399 [http-nio-8080-exec-3] INFO  com.zaxxer.hikari.HikariDataSource-HikariPool-1 - Starting...
2026-05-27 19:02:03.632 [http-nio-8080-exec-1] INFO  com.zaxxer.hikari.HikariDataSource-HikariPool-1 - Starting...
2026-05-27 19:02:03.635 [http-nio-8080-exec-3] ERROR com.itheima.exception.GlobalExceptionHandler-全局异常处理器收到了系统错误：
org.mybatis.spring.MyBatisSystemException: 
### Error querying database.  Cause: org.springframework.jdbc.CannotGetJdbcConnectionException: Failed to obtain JDBC Connection
### The error may exist in com/itheima/mapper/DeptMapper.java (best guess)
### The error may involve com.itheima.mapper.DeptMapper.selectList
### The error occurred while executing a query
### Cause: org.springframework.jdbc.CannotGetJdbcConnectionException: Failed to obtain JDBC Connection
	at org.mybatis.spring.MyBatisExceptionTranslator.translateExceptionIfPossible(MyBatisExceptionTranslator.java:99)
	at org.mybatis.spring.SqlSessionTemplate$SqlSessionInterceptor.invoke(SqlSessionTemplate.java:347)
	at jdk.proxy2/jdk.proxy2.$Proxy72.selectList(Unknown Source)
	at org.mybatis.spring.SqlSessionTemplate.selectList(SqlSessionTemplate.java:194)
	at com.baomidou.mybatisplus.core.override.MybatisMapperMethod.executeForMany(MybatisMapperMethod.java:164)
	at com.baomidou.mybatisplus.core.override.MybatisMapperMethod.execute(MybatisMapperMethod.java:77)
	at com.baomidou.mybatisplus.core.override.MybatisMapperProxy$PlainMethodInvoker.invoke(MybatisMapperProxy.java:155)
	at com.baomidou.mybatisplus.core.override.MybatisMapperProxy.invoke(MybatisMapperProxy.java:92)
	at jdk.proxy2/jdk.proxy2.$Proxy74.selectList(Unknown Source)
	at com.baomidou.mybatisplus.extension.repository.IRepository.list(IRepository.java:300)
	at com.baomidou.mybatisplus.extension.repository.IRepository.list(IRepository.java:321)
	at java.base/jdk.internal.reflect.NativeMethodAccessorImpl.invoke0(Native Method)
	at java.base/jdk.internal.reflect.NativeMethodAccessorImpl.invoke(NativeMethodAccessorImpl.java:77)
	at java.base/jdk.internal.reflect.DelegatingMethodAccessorImpl.invoke(DelegatingMethodAccessorImpl.java:43)
	at java.base/java.lang.reflect.Method.invoke(Method.java:569)
	at org.springframework.aop.support.AopUtils.invokeJoinpointUsingReflection(AopUtils.java:355)
	at org.springframework.aop.framework.CglibAopProxy$DynamicAdvisedInterceptor.intercept(CglibAopProxy.java:716)
	at com.itheima.service.impl.DeptServiceImpl$$SpringCGLIB$$0.list(<generated>)
	at com.itheima.controller.DeptController.findAll(DeptController.java:23)
	at java.base/jdk.internal.reflect.NativeMethodAccessorImpl.invoke0(Native Method)
	at java.base/jdk.internal.reflect.NativeMethodAccessorImpl.invoke(NativeMethodAccessorImpl.java:77)
	at java.base/jdk.internal.reflect.DelegatingMethodAccessorImpl.invoke(DelegatingMethodAccessorImpl.java:43)
	at java.base/java.lang.reflect.Method.invoke(Method.java:569)
	at org.springframework.web.method.support.InvocableHandlerMethod.doInvoke(InvocableHandlerMethod.java:255)
	at org.springframework.web.method.support.InvocableHandlerMethod.invokeForRequest(InvocableHandlerMethod.java:188)
	at org.springframework.web.servlet.mvc.method.annotation.ServletInvocableHandlerMethod.invokeAndHandle(ServletInvocableHandlerMethod.java:118)
	at org.springframework.web.servlet.mvc.method.annotation.RequestMappingHandlerAdapter.invokeHandlerMethod(RequestMappingHandlerAdapter.java:926)
	at org.springframework.web.servlet.mvc.method.annotation.RequestMappingHandlerAdapter.handleInternal(RequestMappingHandlerAdapter.java:831)
	at org.springframework.web.servlet.mvc.method.AbstractHandlerMethodAdapter.handle(AbstractHandlerMethodAdapter.java:87)
	at org.springframework.web.servlet.DispatcherServlet.doDispatch(DispatcherServlet.java:1089)
	at org.springframework.web.servlet.DispatcherServlet.doService(DispatcherServlet.java:979)
	at org.springframework.web.servlet.FrameworkServlet.processRequest(FrameworkServlet.java:1014)
	at org.springframework.web.servlet.FrameworkServlet.doGet(FrameworkServlet.java:903)
	at jakarta.servlet.http.HttpServlet.service(HttpServlet.java:564)
	at org.springframework.web.servlet.FrameworkServlet.service(FrameworkServlet.java:885)
	at jakarta.servlet.http.HttpServlet.service(HttpServlet.java:658)
	at org.apache.catalina.core.ApplicationFilterChain.internalDoFilter(ApplicationFilterChain.java:195)
	at org.apache.catalina.core.ApplicationFilterChain.doFilter(ApplicationFilterChain.java:140)
	at org.apache.tomcat.websocket.server.WsFilter.doFilter(WsFilter.java:51)
	at org.apache.catalina.core.ApplicationFilterChain.internalDoFilter(ApplicationFilterChain.java:164)
	at org.apache.catalina.core.ApplicationFilterChain.doFilter(ApplicationFilterChain.java:140)
	at org.springframework.web.filter.RequestContextFilter.doFilterInternal(RequestContextFilter.java:100)
	at org.springframework.web.filter.OncePerRequestFilter.doFilter(OncePerRequestFilter.java:116)
	at org.apache.catalina.core.ApplicationFilterChain.internalDoFilter(ApplicationFilterChain.java:164)
	at org.apache.catalina.core.ApplicationFilterChain.doFilter(ApplicationFilterChain.java:140)
	at org.springframework.web.filter.FormContentFilter.doFilterInternal(FormContentFilter.java:93)
	at org.springframework.web.filter.OncePerRequestFilter.doFilter(OncePerRequestFilter.java:116)
	at org.apache.catalina.core.ApplicationFilterChain.internalDoFilter(ApplicationFilterChain.java:164)
	at org.apache.catalina.core.ApplicationFilterChain.doFilter(ApplicationFilterChain.java:140)
	at org.springframework.web.filter.CharacterEncodingFilter.doFilterInternal(CharacterEncodingFilter.java:201)
	at org.springframework.web.filter.OncePerRequestFilter.doFilter(OncePerRequestFilter.java:116)
	at org.apache.catalina.core.ApplicationFilterChain.internalDoFilter(ApplicationFilterChain.java:164)
	at org.apache.catalina.core.ApplicationFilterChain.doFilter(ApplicationFilterChain.java:140)
	at org.apache.catalina.core.StandardWrapperValve.invoke(StandardWrapperValve.java:167)
	at org.apache.catalina.core.StandardContextValve.invoke(StandardContextValve.java:90)
	at org.apache.catalina.authenticator.AuthenticatorBase.invoke(AuthenticatorBase.java:483)
	at org.apache.catalina.core.StandardHostValve.invoke(StandardHostValve.java:115)
	at org.apache.catalina.valves.ErrorReportValve.invoke(ErrorReportValve.java:93)
	at org.apache.catalina.core.StandardEngineValve.invoke(StandardEngineValve.java:74)
	at org.apache.catalina.connector.CoyoteAdapter.service(CoyoteAdapter.java:344)
	at org.apache.coyote.http11.Http11Processor.service(Http11Processor.java:397)
	at org.apache.coyote.AbstractProcessorLight.process(AbstractProcessorLight.java:63)
	at org.apache.coyote.AbstractProtocol$ConnectionHandler.process(AbstractProtocol.java:905)
	at org.apache.tomcat.util.net.NioEndpoint$SocketProcessor.doRun(NioEndpoint.java:1743)
	at org.apache.tomcat.util.net.SocketProcessorBase.run(SocketProcessorBase.java:52)
	at org.apache.tomcat.util.threads.ThreadPoolExecutor.runWorker(ThreadPoolExecutor.java:1190)
	at org.apache.tomcat.util.threads.ThreadPoolExecutor$Worker.run(ThreadPoolExecutor.java:659)
	at org.apache.tomcat.util.threads.TaskThread$WrappingRunnable.run(TaskThread.java:63)
	at java.base/java.lang.Thread.run(Thread.java:840)
Caused by: org.apache.ibatis.exceptions.PersistenceException: 
### Error querying database.  Cause: org.springframework.jdbc.CannotGetJdbcConnectionException: Failed to obtain JDBC Connection
### The error may exist in com/itheima/mapper/DeptMapper.java (best guess)
### The error may involve com.itheima.mapper.DeptMapper.selectList
### The error occurred while executing a query
### Cause: org.springframework.jdbc.CannotGetJdbcConnectionException: Failed to obtain JDBC Connection
	at org.apache.ibatis.exceptions.ExceptionFactory.wrapException(ExceptionFactory.java:30)
	at org.apache.ibatis.session.defaults.DefaultSqlSession.selectList(DefaultSqlSession.java:156)
	at org.apache.ibatis.session.defaults.DefaultSqlSession.selectList(DefaultSqlSession.java:147)
	at org.apache.ibatis.session.defaults.DefaultSqlSession.selectList(DefaultSqlSession.java:142)
	at java.base/jdk.internal.reflect.NativeMethodAccessorImpl.invoke0(Native Method)
	at java.base/jdk.internal.reflect.NativeMethodAccessorImpl.invoke(NativeMethodAccessorImpl.java:77)
	at java.base/jdk.internal.reflect.DelegatingMethodAccessorImpl.invoke(DelegatingMethodAccessorImpl.java:43)
	at java.base/java.lang.reflect.Method.invoke(Method.java:569)
	at org.mybatis.spring.SqlSessionTemplate$SqlSessionInterceptor.invoke(SqlSessionTemplate.java:333)
	... 67 common frames omitted
Caused by: org.springframework.jdbc.CannotGetJdbcConnectionException: Failed to obtain JDBC Connection
	at org.springframework.jdbc.datasource.DataSourceUtils.getConnection(DataSourceUtils.java:84)
	at org.mybatis.spring.transaction.SpringManagedTransaction.openConnection(SpringManagedTransaction.java:77)
	at org.mybatis.spring.transaction.SpringManagedTransaction.getConnection(SpringManagedTransaction.java:64)
	at org.apache.ibatis.executor.BaseExecutor.getConnection(BaseExecutor.java:348)
	at org.apache.ibatis.executor.SimpleExecutor.prepareStatement(SimpleExecutor.java:89)
	at org.apache.ibatis.executor.SimpleExecutor.doQuery(SimpleExecutor.java:64)
	at org.apache.ibatis.executor.BaseExecutor.queryFromDatabase(BaseExecutor.java:336)
	at org.apache.ibatis.executor.BaseExecutor.query(BaseExecutor.java:158)
	at org.apache.ibatis.executor.CachingExecutor.query(CachingExecutor.java:110)
	at com.baomidou.mybatisplus.extension.plugins.MybatisPlusInterceptor.intercept(MybatisPlusInterceptor.java:81)
	at org.apache.ibatis.plugin.Plugin.invoke(Plugin.java:59)
	at jdk.proxy2/jdk.proxy2.$Proxy86.query(Unknown Source)
	at org.apache.ibatis.session.defaults.DefaultSqlSession.selectList(DefaultSqlSession.java:154)
	... 74 common frames omitted
Caused by: com.mysql.cj.jdbc.exceptions.CommunicationsException: Communications link failure

The last packet sent successfully to the server was 0 milliseconds ago. The driver has not received any packets from the server.
	at com.mysql.cj.jdbc.exceptions.SQLError.createCommunicationsException(SQLError.java:174)
	at com.mysql.cj.jdbc.exceptions.SQLExceptionsMapping.translateException(SQLExceptionsMapping.java:64)
	at com.mysql.cj.jdbc.ConnectionImpl.createNewIO(ConnectionImpl.java:815)
	at com.mysql.cj.jdbc.ConnectionImpl.<init>(ConnectionImpl.java:438)
	at com.mysql.cj.jdbc.ConnectionImpl.getInstance(ConnectionImpl.java:241)
	at com.mysql.cj.jdbc.NonRegisteringDriver.connect(NonRegisteringDriver.java:189)
	at com.zaxxer.hikari.util.DriverDataSource.getConnection(DriverDataSource.java:137)
	at com.zaxxer.hikari.pool.PoolBase.newConnection(PoolBase.java:360)
	at com.zaxxer.hikari.pool.PoolBase.newPoolEntry(PoolBase.java:202)
	at com.zaxxer.hikari.pool.HikariPool.createPoolEntry(HikariPool.java:461)
	at com.zaxxer.hikari.pool.HikariPool.checkFailFast(HikariPool.java:550)
	at com.zaxxer.hikari.pool.HikariPool.<init>(HikariPool.java:98)
	at com.zaxxer.hikari.HikariDataSource.getConnection(HikariDataSource.java:111)
	at org.springframework.jdbc.datasource.DataSourceUtils.fetchConnection(DataSourceUtils.java:160)
	at org.springframework.jdbc.datasource.DataSourceUtils.doGetConnection(DataSourceUtils.java:118)
	at org.springframework.jdbc.datasource.DataSourceUtils.getConnection(DataSourceUtils.java:81)
	... 86 common frames omitted
Caused by: com.mysql.cj.exceptions.CJCommunicationsException: Communications link failure

The last packet sent successfully to the server was 0 milliseconds ago. The driver has not received any packets from the server.
	at java.base/jdk.internal.reflect.NativeConstructorAccessorImpl.newInstance0(Native Method)
	at java.base/jdk.internal.reflect.NativeConstructorAccessorImpl.newInstance(NativeConstructorAccessorImpl.java:77)
	at java.base/jdk.internal.reflect.DelegatingConstructorAccessorImpl.newInstance(DelegatingConstructorAccessorImpl.java:45)
	at java.base/java.lang.reflect.Constructor.newInstanceWithCaller(Constructor.java:500)
	at java.base/java.lang.reflect.Constructor.newInstance(Constructor.java:481)
	at com.mysql.cj.exceptions.ExceptionFactory.createException(ExceptionFactory.java:61)
	at com.mysql.cj.exceptions.ExceptionFactory.createException(ExceptionFactory.java:104)
	at com.mysql.cj.exceptions.ExceptionFactory.createException(ExceptionFactory.java:149)
	at com.mysql.cj.exceptions.ExceptionFactory.createCommunicationsException(ExceptionFactory.java:165)
	at com.mysql.cj.protocol.a.NativeSocketConnection.connect(NativeSocketConnection.java:88)
	at com.mysql.cj.NativeSession.connect(NativeSession.java:120)
	at com.mysql.cj.jdbc.ConnectionImpl.connectOneTryOnly(ConnectionImpl.java:935)
	at com.mysql.cj.jdbc.ConnectionImpl.createNewIO(ConnectionImpl.java:805)
	... 99 common frames omitted
Caused by: java.net.ConnectException: Connection refused: getsockopt
	at java.base/sun.nio.ch.Net.pollConnect(Native Method)
	at java.base/sun.nio.ch.Net.pollConnectNow(Net.java:672)
	at java.base/sun.nio.ch.NioSocketImpl.timedFinishConnect(NioSocketImpl.java:547)
	at java.base/sun.nio.ch.NioSocketImpl.connect(NioSocketImpl.java:602)
	at java.base/java.net.SocksSocketImpl.connect(SocksSocketImpl.java:327)
	at java.base/java.net.Socket.connect(Socket.java:633)
	at com.mysql.cj.protocol.StandardSocketFactory.connect(StandardSocketFactory.java:153)
	at com.mysql.cj.protocol.a.NativeSocketConnection.connect(NativeSocketConnection.java:62)
	... 102 common frames omitted
2026-05-27 19:02:04.679 [http-nio-8080-exec-1] ERROR com.itheima.exception.GlobalExceptionHandler-全局异常处理器收到了系统错误：
org.mybatis.spring.MyBatisSystemException: 
### Error querying database.  Cause: org.springframework.jdbc.CannotGetJdbcConnectionException: Failed to obtain JDBC Connection
### The error may exist in com/itheima/mapper/EmpMapper.java (best guess)
### The error may involve com.itheima.mapper.EmpMapper.selectList_mpCount
### The error occurred while executing a query
### Cause: org.springframework.jdbc.CannotGetJdbcConnectionException: Failed to obtain JDBC Connection
	at org.mybatis.spring.MyBatisExceptionTranslator.translateExceptionIfPossible(MyBatisExceptionTranslator.java:99)
	at org.mybatis.spring.SqlSessionTemplate$SqlSessionInterceptor.invoke(SqlSessionTemplate.java:347)
	at jdk.proxy2/jdk.proxy2.$Proxy72.selectList(Unknown Source)
	at org.mybatis.spring.SqlSessionTemplate.selectList(SqlSessionTemplate.java:194)
	at com.baomidou.mybatisplus.core.override.MybatisMapperMethod.executeForMany(MybatisMapperMethod.java:164)
	at com.baomidou.mybatisplus.core.override.MybatisMapperMethod.execute(MybatisMapperMethod.java:77)
	at com.baomidou.mybatisplus.core.override.MybatisMapperProxy$PlainMethodInvoker.invoke(MybatisMapperProxy.java:155)
	at com.baomidou.mybatisplus.core.override.MybatisMapperProxy.invoke(MybatisMapperProxy.java:92)
	at jdk.proxy2/jdk.proxy2.$Proxy76.selectList(Unknown Source)
	at com.baomidou.mybatisplus.core.mapper.BaseMapper.selectPage(BaseMapper.java:458)
	at java.base/java.lang.invoke.MethodHandle.invokeWithArguments(MethodHandle.java:732)
	at com.baomidou.mybatisplus.core.override.MybatisMapperProxy$DefaultMethodInvoker.invoke(MybatisMapperProxy.java:181)
	at com.baomidou.mybatisplus.core.override.MybatisMapperProxy.invoke(MybatisMapperProxy.java:92)
	at jdk.proxy2/jdk.proxy2.$Proxy76.selectPage(Unknown Source)
	at com.baomidou.mybatisplus.extension.conditions.query.ChainQuery.lambda$page$d12b405a$1(ChainQuery.java:97)
	at com.baomidou.mybatisplus.extension.conditions.ChainWrapper.execute(ChainWrapper.java:63)
	at com.baomidou.mybatisplus.extension.conditions.query.ChainQuery.page(ChainQuery.java:97)
	at com.itheima.service.impl.EmpServiceImpl.getPageResult(EmpServiceImpl.java:46)
	at java.base/jdk.internal.reflect.NativeMethodAccessorImpl.invoke0(Native Method)
	at java.base/jdk.internal.reflect.NativeMethodAccessorImpl.invoke(NativeMethodAccessorImpl.java:77)
	at java.base/jdk.internal.reflect.DelegatingMethodAccessorImpl.invoke(DelegatingMethodAccessorImpl.java:43)
	at java.base/java.lang.reflect.Method.invoke(Method.java:569)
	at org.springframework.aop.support.AopUtils.invokeJoinpointUsingReflection(AopUtils.java:355)
	at org.springframework.aop.framework.CglibAopProxy$DynamicAdvisedInterceptor.intercept(CglibAopProxy.java:716)
	at com.itheima.service.impl.EmpServiceImpl$$SpringCGLIB$$0.getPageResult(<generated>)
	at com.itheima.controller.EmpController.page(EmpController.java:32)
	at java.base/jdk.internal.reflect.NativeMethodAccessorImpl.invoke0(Native Method)
	at java.base/jdk.internal.reflect.NativeMethodAccessorImpl.invoke(NativeMethodAccessorImpl.java:77)
	at java.base/jdk.internal.reflect.DelegatingMethodAccessorImpl.invoke(DelegatingMethodAccessorImpl.java:43)
	at java.base/java.lang.reflect.Method.invoke(Method.java:569)
	at org.springframework.web.method.support.InvocableHandlerMethod.doInvoke(InvocableHandlerMethod.java:255)
	at org.springframework.web.method.support.InvocableHandlerMethod.invokeForRequest(InvocableHandlerMethod.java:188)
	at org.springframework.web.servlet.mvc.method.annotation.ServletInvocableHandlerMethod.invokeAndHandle(ServletInvocableHandlerMethod.java:118)
	at org.springframework.web.servlet.mvc.method.annotation.RequestMappingHandlerAdapter.invokeHandlerMethod(RequestMappingHandlerAdapter.java:926)
	at org.springframework.web.servlet.mvc.method.annotation.RequestMappingHandlerAdapter.handleInternal(RequestMappingHandlerAdapter.java:831)
	at org.springframework.web.servlet.mvc.method.AbstractHandlerMethodAdapter.handle(AbstractHandlerMethodAdapter.java:87)
	at org.springframework.web.servlet.DispatcherServlet.doDispatch(DispatcherServlet.java:1089)
	at org.springframework.web.servlet.DispatcherServlet.doService(DispatcherServlet.java:979)
	at org.springframework.web.servlet.FrameworkServlet.processRequest(FrameworkServlet.java:1014)
	at org.springframework.web.servlet.FrameworkServlet.doGet(FrameworkServlet.java:903)
	at jakarta.servlet.http.HttpServlet.service(HttpServlet.java:564)
	at org.springframework.web.servlet.FrameworkServlet.service(FrameworkServlet.java:885)
	at jakarta.servlet.http.HttpServlet.service(HttpServlet.java:658)
	at org.apache.catalina.core.ApplicationFilterChain.internalDoFilter(ApplicationFilterChain.java:195)
	at org.apache.catalina.core.ApplicationFilterChain.doFilter(ApplicationFilterChain.java:140)
	at org.apache.tomcat.websocket.server.WsFilter.doFilter(WsFilter.java:51)
	at org.apache.catalina.core.ApplicationFilterChain.internalDoFilter(ApplicationFilterChain.java:164)
	at org.apache.catalina.core.ApplicationFilterChain.doFilter(ApplicationFilterChain.java:140)
	at org.springframework.web.filter.RequestContextFilter.doFilterInternal(RequestContextFilter.java:100)
	at org.springframework.web.filter.OncePerRequestFilter.doFilter(OncePerRequestFilter.java:116)
	at org.apache.catalina.core.ApplicationFilterChain.internalDoFilter(ApplicationFilterChain.java:164)
	at org.apache.catalina.core.ApplicationFilterChain.doFilter(ApplicationFilterChain.java:140)
	at org.springframework.web.filter.FormContentFilter.doFilterInternal(FormContentFilter.java:93)
	at org.springframework.web.filter.OncePerRequestFilter.doFilter(OncePerRequestFilter.java:116)
	at org.apache.catalina.core.ApplicationFilterChain.internalDoFilter(ApplicationFilterChain.java:164)
	at org.apache.catalina.core.ApplicationFilterChain.doFilter(ApplicationFilterChain.java:140)
	at org.springframework.web.filter.CharacterEncodingFilter.doFilterInternal(CharacterEncodingFilter.java:201)
	at org.springframework.web.filter.OncePerRequestFilter.doFilter(OncePerRequestFilter.java:116)
	at org.apache.catalina.core.ApplicationFilterChain.internalDoFilter(ApplicationFilterChain.java:164)
	at org.apache.catalina.core.ApplicationFilterChain.doFilter(ApplicationFilterChain.java:140)
	at org.apache.catalina.core.StandardWrapperValve.invoke(StandardWrapperValve.java:167)
	at org.apache.catalina.core.StandardContextValve.invoke(StandardContextValve.java:90)
	at org.apache.catalina.authenticator.AuthenticatorBase.invoke(AuthenticatorBase.java:483)
	at org.apache.catalina.core.StandardHostValve.invoke(StandardHostValve.java:115)
	at org.apache.catalina.valves.ErrorReportValve.invoke(ErrorReportValve.java:93)
	at org.apache.catalina.core.StandardEngineValve.invoke(StandardEngineValve.java:74)
	at org.apache.catalina.connector.CoyoteAdapter.service(CoyoteAdapter.java:344)
	at org.apache.coyote.http11.Http11Processor.service(Http11Processor.java:397)
	at org.apache.coyote.AbstractProcessorLight.process(AbstractProcessorLight.java:63)
	at org.apache.coyote.AbstractProtocol$ConnectionHandler.process(AbstractProtocol.java:905)
	at org.apache.tomcat.util.net.NioEndpoint$SocketProcessor.doRun(NioEndpoint.java:1743)
	at org.apache.tomcat.util.net.SocketProcessorBase.run(SocketProcessorBase.java:52)
	at org.apache.tomcat.util.threads.ThreadPoolExecutor.runWorker(ThreadPoolExecutor.java:1190)
	at org.apache.tomcat.util.threads.ThreadPoolExecutor$Worker.run(ThreadPoolExecutor.java:659)
	at org.apache.tomcat.util.threads.TaskThread$WrappingRunnable.run(TaskThread.java:63)
	at java.base/java.lang.Thread.run(Thread.java:840)
Caused by: org.apache.ibatis.exceptions.PersistenceException: 
### Error querying database.  Cause: org.springframework.jdbc.CannotGetJdbcConnectionException: Failed to obtain JDBC Connection
### The error may exist in com/itheima/mapper/EmpMapper.java (best guess)
### The error may involve com.itheima.mapper.EmpMapper.selectList_mpCount
### The error occurred while executing a query
### Cause: org.springframework.jdbc.CannotGetJdbcConnectionException: Failed to obtain JDBC Connection
	at org.apache.ibatis.exceptions.ExceptionFactory.wrapException(ExceptionFactory.java:30)
	at org.apache.ibatis.session.defaults.DefaultSqlSession.selectList(DefaultSqlSession.java:156)
	at org.apache.ibatis.session.defaults.DefaultSqlSession.selectList(DefaultSqlSession.java:147)
	at org.apache.ibatis.session.defaults.DefaultSqlSession.selectList(DefaultSqlSession.java:142)
	at java.base/jdk.internal.reflect.NativeMethodAccessorImpl.invoke0(Native Method)
	at java.base/jdk.internal.reflect.NativeMethodAccessorImpl.invoke(NativeMethodAccessorImpl.java:77)
	at java.base/jdk.internal.reflect.DelegatingMethodAccessorImpl.invoke(DelegatingMethodAccessorImpl.java:43)
	at java.base/java.lang.reflect.Method.invoke(Method.java:569)
	at org.mybatis.spring.SqlSessionTemplate$SqlSessionInterceptor.invoke(SqlSessionTemplate.java:333)
	... 74 common frames omitted
Caused by: org.springframework.jdbc.CannotGetJdbcConnectionException: Failed to obtain JDBC Connection
	at org.springframework.jdbc.datasource.DataSourceUtils.getConnection(DataSourceUtils.java:84)
	at org.mybatis.spring.transaction.SpringManagedTransaction.openConnection(SpringManagedTransaction.java:77)
	at org.mybatis.spring.transaction.SpringManagedTransaction.getConnection(SpringManagedTransaction.java:64)
	at org.apache.ibatis.executor.BaseExecutor.getConnection(BaseExecutor.java:348)
	at org.apache.ibatis.executor.SimpleExecutor.prepareStatement(SimpleExecutor.java:89)
	at org.apache.ibatis.executor.SimpleExecutor.doQuery(SimpleExecutor.java:64)
	at org.apache.ibatis.executor.BaseExecutor.queryFromDatabase(BaseExecutor.java:336)
	at org.apache.ibatis.executor.BaseExecutor.query(BaseExecutor.java:158)
	at org.apache.ibatis.executor.CachingExecutor.query(CachingExecutor.java:110)
	at com.baomidou.mybatisplus.extension.plugins.inner.PaginationInnerInterceptor.willDoQuery(PaginationInnerInterceptor.java:135)
	at com.baomidou.mybatisplus.extension.plugins.MybatisPlusInterceptor.intercept(MybatisPlusInterceptor.java:75)
	at org.apache.ibatis.plugin.Plugin.invoke(Plugin.java:59)
	at jdk.proxy2/jdk.proxy2.$Proxy86.query(Unknown Source)
	at org.apache.ibatis.session.defaults.DefaultSqlSession.selectList(DefaultSqlSession.java:154)
	... 81 common frames omitted
Caused by: com.mysql.cj.jdbc.exceptions.CommunicationsException: Communications link failure

The last packet sent successfully to the server was 0 milliseconds ago. The driver has not received any packets from the server.
	at com.mysql.cj.jdbc.exceptions.SQLError.createCommunicationsException(SQLError.java:174)
	at com.mysql.cj.jdbc.exceptions.SQLExceptionsMapping.translateException(SQLExceptionsMapping.java:64)
	at com.mysql.cj.jdbc.ConnectionImpl.createNewIO(ConnectionImpl.java:815)
	at com.mysql.cj.jdbc.ConnectionImpl.<init>(ConnectionImpl.java:438)
	at com.mysql.cj.jdbc.ConnectionImpl.getInstance(ConnectionImpl.java:241)
	at com.mysql.cj.jdbc.NonRegisteringDriver.connect(NonRegisteringDriver.java:189)
	at com.zaxxer.hikari.util.DriverDataSource.getConnection(DriverDataSource.java:137)
	at com.zaxxer.hikari.pool.PoolBase.newConnection(PoolBase.java:360)
	at com.zaxxer.hikari.pool.PoolBase.newPoolEntry(PoolBase.java:202)
	at com.zaxxer.hikari.pool.HikariPool.createPoolEntry(HikariPool.java:461)
	at com.zaxxer.hikari.pool.HikariPool.checkFailFast(HikariPool.java:550)
	at com.zaxxer.hikari.pool.HikariPool.<init>(HikariPool.java:98)
	at com.zaxxer.hikari.HikariDataSource.getConnection(HikariDataSource.java:111)
	at org.springframework.jdbc.datasource.DataSourceUtils.fetchConnection(DataSourceUtils.java:160)
	at org.springframework.jdbc.datasource.DataSourceUtils.doGetConnection(DataSourceUtils.java:118)
	at org.springframework.jdbc.datasource.DataSourceUtils.getConnection(DataSourceUtils.java:81)
	... 94 common frames omitted
Caused by: com.mysql.cj.exceptions.CJCommunicationsException: Communications link failure

The last packet sent successfully to the server was 0 milliseconds ago. The driver has not received any packets from the server.
	at java.base/jdk.internal.reflect.NativeConstructorAccessorImpl.newInstance0(Native Method)
	at java.base/jdk.internal.reflect.NativeConstructorAccessorImpl.newInstance(NativeConstructorAccessorImpl.java:77)
	at java.base/jdk.internal.reflect.DelegatingConstructorAccessorImpl.newInstance(DelegatingConstructorAccessorImpl.java:45)
	at java.base/java.lang.reflect.Constructor.newInstanceWithCaller(Constructor.java:500)
	at java.base/java.lang.reflect.Constructor.newInstance(Constructor.java:481)
	at com.mysql.cj.exceptions.ExceptionFactory.createException(ExceptionFactory.java:61)
	at com.mysql.cj.exceptions.ExceptionFactory.createException(ExceptionFactory.java:104)
	at com.mysql.cj.exceptions.ExceptionFactory.createException(ExceptionFactory.java:149)
	at com.mysql.cj.exceptions.ExceptionFactory.createCommunicationsException(ExceptionFactory.java:165)
	at com.mysql.cj.protocol.a.NativeSocketConnection.connect(NativeSocketConnection.java:88)
	at com.mysql.cj.NativeSession.connect(NativeSession.java:120)
	at com.mysql.cj.jdbc.ConnectionImpl.connectOneTryOnly(ConnectionImpl.java:935)
	at com.mysql.cj.jdbc.ConnectionImpl.createNewIO(ConnectionImpl.java:805)
	... 107 common frames omitted
Caused by: java.net.ConnectException: Connection refused: getsockopt
	at java.base/sun.nio.ch.Net.pollConnect(Native Method)
	at java.base/sun.nio.ch.Net.pollConnectNow(Net.java:672)
	at java.base/sun.nio.ch.NioSocketImpl.timedFinishConnect(NioSocketImpl.java:547)
	at java.base/sun.nio.ch.NioSocketImpl.connect(NioSocketImpl.java:602)
	at java.base/java.net.SocksSocketImpl.connect(SocksSocketImpl.java:327)
	at java.base/java.net.Socket.connect(Socket.java:633)
	at com.mysql.cj.protocol.StandardSocketFactory.connect(StandardSocketFactory.java:153)
	at com.mysql.cj.protocol.a.NativeSocketConnection.connect(NativeSocketConnection.java:62)
	... 110 common frames omitted
2026-05-27 19:02:05.641 [http-nio-8080-exec-2] INFO  com.itheima.controller.DeptController-查询所有部门数据
2026-05-27 19:02:05.642 [http-nio-8080-exec-2] INFO  com.zaxxer.hikari.HikariDataSource-HikariPool-1 - Starting...
2026-05-27 19:02:06.649 [http-nio-8080-exec-2] ERROR com.itheima.exception.GlobalExceptionHandler-全局异常处理器收到了系统错误：
org.mybatis.spring.MyBatisSystemException: 
### Error querying database.  Cause: org.springframework.jdbc.CannotGetJdbcConnectionException: Failed to obtain JDBC Connection
### The error may exist in com/itheima/mapper/DeptMapper.java (best guess)
### The error may involve com.itheima.mapper.DeptMapper.selectList
### The error occurred while executing a query
### Cause: org.springframework.jdbc.CannotGetJdbcConnectionException: Failed to obtain JDBC Connection
	at org.mybatis.spring.MyBatisExceptionTranslator.translateExceptionIfPossible(MyBatisExceptionTranslator.java:99)
	at org.mybatis.spring.SqlSessionTemplate$SqlSessionInterceptor.invoke(SqlSessionTemplate.java:347)
	at jdk.proxy2/jdk.proxy2.$Proxy72.selectList(Unknown Source)
	at org.mybatis.spring.SqlSessionTemplate.selectList(SqlSessionTemplate.java:194)
	at com.baomidou.mybatisplus.core.override.MybatisMapperMethod.executeForMany(MybatisMapperMethod.java:164)
	at com.baomidou.mybatisplus.core.override.MybatisMapperMethod.execute(MybatisMapperMethod.java:77)
	at com.baomidou.mybatisplus.core.override.MybatisMapperProxy$PlainMethodInvoker.invoke(MybatisMapperProxy.java:155)
	at com.baomidou.mybatisplus.core.override.MybatisMapperProxy.invoke(MybatisMapperProxy.java:92)
	at jdk.proxy2/jdk.proxy2.$Proxy74.selectList(Unknown Source)
	at com.baomidou.mybatisplus.extension.repository.IRepository.list(IRepository.java:300)
	at com.baomidou.mybatisplus.extension.repository.IRepository.list(IRepository.java:321)
	at java.base/jdk.internal.reflect.NativeMethodAccessorImpl.invoke0(Native Method)
	at java.base/jdk.internal.reflect.NativeMethodAccessorImpl.invoke(NativeMethodAccessorImpl.java:77)
	at java.base/jdk.internal.reflect.DelegatingMethodAccessorImpl.invoke(DelegatingMethodAccessorImpl.java:43)
	at java.base/java.lang.reflect.Method.invoke(Method.java:569)
	at org.springframework.aop.support.AopUtils.invokeJoinpointUsingReflection(AopUtils.java:355)
	at org.springframework.aop.framework.CglibAopProxy$DynamicAdvisedInterceptor.intercept(CglibAopProxy.java:716)
	at com.itheima.service.impl.DeptServiceImpl$$SpringCGLIB$$0.list(<generated>)
	at com.itheima.controller.DeptController.findAll(DeptController.java:23)
	at java.base/jdk.internal.reflect.NativeMethodAccessorImpl.invoke0(Native Method)
	at java.base/jdk.internal.reflect.NativeMethodAccessorImpl.invoke(NativeMethodAccessorImpl.java:77)
	at java.base/jdk.internal.reflect.DelegatingMethodAccessorImpl.invoke(DelegatingMethodAccessorImpl.java:43)
	at java.base/java.lang.reflect.Method.invoke(Method.java:569)
	at org.springframework.web.method.support.InvocableHandlerMethod.doInvoke(InvocableHandlerMethod.java:255)
	at org.springframework.web.method.support.InvocableHandlerMethod.invokeForRequest(InvocableHandlerMethod.java:188)
	at org.springframework.web.servlet.mvc.method.annotation.ServletInvocableHandlerMethod.invokeAndHandle(ServletInvocableHandlerMethod.java:118)
	at org.springframework.web.servlet.mvc.method.annotation.RequestMappingHandlerAdapter.invokeHandlerMethod(RequestMappingHandlerAdapter.java:926)
	at org.springframework.web.servlet.mvc.method.annotation.RequestMappingHandlerAdapter.handleInternal(RequestMappingHandlerAdapter.java:831)
	at org.springframework.web.servlet.mvc.method.AbstractHandlerMethodAdapter.handle(AbstractHandlerMethodAdapter.java:87)
	at org.springframework.web.servlet.DispatcherServlet.doDispatch(DispatcherServlet.java:1089)
	at org.springframework.web.servlet.DispatcherServlet.doService(DispatcherServlet.java:979)
	at org.springframework.web.servlet.FrameworkServlet.processRequest(FrameworkServlet.java:1014)
	at org.springframework.web.servlet.FrameworkServlet.doGet(FrameworkServlet.java:903)
	at jakarta.servlet.http.HttpServlet.service(HttpServlet.java:564)
	at org.springframework.web.servlet.FrameworkServlet.service(FrameworkServlet.java:885)
	at jakarta.servlet.http.HttpServlet.service(HttpServlet.java:658)
	at org.apache.catalina.core.ApplicationFilterChain.internalDoFilter(ApplicationFilterChain.java:195)
	at org.apache.catalina.core.ApplicationFilterChain.doFilter(ApplicationFilterChain.java:140)
	at org.apache.tomcat.websocket.server.WsFilter.doFilter(WsFilter.java:51)
	at org.apache.catalina.core.ApplicationFilterChain.internalDoFilter(ApplicationFilterChain.java:164)
	at org.apache.catalina.core.ApplicationFilterChain.doFilter(ApplicationFilterChain.java:140)
	at org.springframework.web.filter.RequestContextFilter.doFilterInternal(RequestContextFilter.java:100)
	at org.springframework.web.filter.OncePerRequestFilter.doFilter(OncePerRequestFilter.java:116)
	at org.apache.catalina.core.ApplicationFilterChain.internalDoFilter(ApplicationFilterChain.java:164)
	at org.apache.catalina.core.ApplicationFilterChain.doFilter(ApplicationFilterChain.java:140)
	at org.springframework.web.filter.FormContentFilter.doFilterInternal(FormContentFilter.java:93)
	at org.springframework.web.filter.OncePerRequestFilter.doFilter(OncePerRequestFilter.java:116)
	at org.apache.catalina.core.ApplicationFilterChain.internalDoFilter(ApplicationFilterChain.java:164)
	at org.apache.catalina.core.ApplicationFilterChain.doFilter(ApplicationFilterChain.java:140)
	at org.springframework.web.filter.CharacterEncodingFilter.doFilterInternal(CharacterEncodingFilter.java:201)
	at org.springframework.web.filter.OncePerRequestFilter.doFilter(OncePerRequestFilter.java:116)
	at org.apache.catalina.core.ApplicationFilterChain.internalDoFilter(ApplicationFilterChain.java:164)
	at org.apache.catalina.core.ApplicationFilterChain.doFilter(ApplicationFilterChain.java:140)
	at org.apache.catalina.core.StandardWrapperValve.invoke(StandardWrapperValve.java:167)
	at org.apache.catalina.core.StandardContextValve.invoke(StandardContextValve.java:90)
	at org.apache.catalina.authenticator.AuthenticatorBase.invoke(AuthenticatorBase.java:483)
	at org.apache.catalina.core.StandardHostValve.invoke(StandardHostValve.java:115)
	at org.apache.catalina.valves.ErrorReportValve.invoke(ErrorReportValve.java:93)
	at org.apache.catalina.core.StandardEngineValve.invoke(StandardEngineValve.java:74)
	at org.apache.catalina.connector.CoyoteAdapter.service(CoyoteAdapter.java:344)
	at org.apache.coyote.http11.Http11Processor.service(Http11Processor.java:397)
	at org.apache.coyote.AbstractProcessorLight.process(AbstractProcessorLight.java:63)
	at org.apache.coyote.AbstractProtocol$ConnectionHandler.process(AbstractProtocol.java:905)
	at org.apache.tomcat.util.net.NioEndpoint$SocketProcessor.doRun(NioEndpoint.java:1743)
	at org.apache.tomcat.util.net.SocketProcessorBase.run(SocketProcessorBase.java:52)
	at org.apache.tomcat.util.threads.ThreadPoolExecutor.runWorker(ThreadPoolExecutor.java:1190)
	at org.apache.tomcat.util.threads.ThreadPoolExecutor$Worker.run(ThreadPoolExecutor.java:659)
	at org.apache.tomcat.util.threads.TaskThread$WrappingRunnable.run(TaskThread.java:63)
	at java.base/java.lang.Thread.run(Thread.java:840)
Caused by: org.apache.ibatis.exceptions.PersistenceException: 
### Error querying database.  Cause: org.springframework.jdbc.CannotGetJdbcConnectionException: Failed to obtain JDBC Connection
### The error may exist in com/itheima/mapper/DeptMapper.java (best guess)
### The error may involve com.itheima.mapper.DeptMapper.selectList
### The error occurred while executing a query
### Cause: org.springframework.jdbc.CannotGetJdbcConnectionException: Failed to obtain JDBC Connection
	at org.apache.ibatis.exceptions.ExceptionFactory.wrapException(ExceptionFactory.java:30)
	at org.apache.ibatis.session.defaults.DefaultSqlSession.selectList(DefaultSqlSession.java:156)
	at org.apache.ibatis.session.defaults.DefaultSqlSession.selectList(DefaultSqlSession.java:147)
	at org.apache.ibatis.session.defaults.DefaultSqlSession.selectList(DefaultSqlSession.java:142)
	at java.base/jdk.internal.reflect.NativeMethodAccessorImpl.invoke0(Native Method)
	at java.base/jdk.internal.reflect.NativeMethodAccessorImpl.invoke(NativeMethodAccessorImpl.java:77)
	at java.base/jdk.internal.reflect.DelegatingMethodAccessorImpl.invoke(DelegatingMethodAccessorImpl.java:43)
	at java.base/java.lang.reflect.Method.invoke(Method.java:569)
	at org.mybatis.spring.SqlSessionTemplate$SqlSessionInterceptor.invoke(SqlSessionTemplate.java:333)
	... 67 common frames omitted
Caused by: org.springframework.jdbc.CannotGetJdbcConnectionException: Failed to obtain JDBC Connection
	at org.springframework.jdbc.datasource.DataSourceUtils.getConnection(DataSourceUtils.java:84)
	at org.mybatis.spring.transaction.SpringManagedTransaction.openConnection(SpringManagedTransaction.java:77)
	at org.mybatis.spring.transaction.SpringManagedTransaction.getConnection(SpringManagedTransaction.java:64)
	at org.apache.ibatis.executor.BaseExecutor.getConnection(BaseExecutor.java:348)
	at org.apache.ibatis.executor.SimpleExecutor.prepareStatement(SimpleExecutor.java:89)
	at org.apache.ibatis.executor.SimpleExecutor.doQuery(SimpleExecutor.java:64)
	at org.apache.ibatis.executor.BaseExecutor.queryFromDatabase(BaseExecutor.java:336)
	at org.apache.ibatis.executor.BaseExecutor.query(BaseExecutor.java:158)
	at org.apache.ibatis.executor.CachingExecutor.query(CachingExecutor.java:110)
	at com.baomidou.mybatisplus.extension.plugins.MybatisPlusInterceptor.intercept(MybatisPlusInterceptor.java:81)
	at org.apache.ibatis.plugin.Plugin.invoke(Plugin.java:59)
	at jdk.proxy2/jdk.proxy2.$Proxy86.query(Unknown Source)
	at org.apache.ibatis.session.defaults.DefaultSqlSession.selectList(DefaultSqlSession.java:154)
	... 74 common frames omitted
Caused by: com.mysql.cj.jdbc.exceptions.CommunicationsException: Communications link failure

The last packet sent successfully to the server was 0 milliseconds ago. The driver has not received any packets from the server.
	at com.mysql.cj.jdbc.exceptions.SQLError.createCommunicationsException(SQLError.java:174)
	at com.mysql.cj.jdbc.exceptions.SQLExceptionsMapping.translateException(SQLExceptionsMapping.java:64)
	at com.mysql.cj.jdbc.ConnectionImpl.createNewIO(ConnectionImpl.java:815)
	at com.mysql.cj.jdbc.ConnectionImpl.<init>(ConnectionImpl.java:438)
	at com.mysql.cj.jdbc.ConnectionImpl.getInstance(ConnectionImpl.java:241)
	at com.mysql.cj.jdbc.NonRegisteringDriver.connect(NonRegisteringDriver.java:189)
	at com.zaxxer.hikari.util.DriverDataSource.getConnection(DriverDataSource.java:137)
	at com.zaxxer.hikari.pool.PoolBase.newConnection(PoolBase.java:360)
	at com.zaxxer.hikari.pool.PoolBase.newPoolEntry(PoolBase.java:202)
	at com.zaxxer.hikari.pool.HikariPool.createPoolEntry(HikariPool.java:461)
	at com.zaxxer.hikari.pool.HikariPool.checkFailFast(HikariPool.java:550)
	at com.zaxxer.hikari.pool.HikariPool.<init>(HikariPool.java:98)
	at com.zaxxer.hikari.HikariDataSource.getConnection(HikariDataSource.java:111)
	at org.springframework.jdbc.datasource.DataSourceUtils.fetchConnection(DataSourceUtils.java:160)
	at org.springframework.jdbc.datasource.DataSourceUtils.doGetConnection(DataSourceUtils.java:118)
	at org.springframework.jdbc.datasource.DataSourceUtils.getConnection(DataSourceUtils.java:81)
	... 86 common frames omitted
Caused by: com.mysql.cj.exceptions.CJCommunicationsException: Communications link failure

The last packet sent successfully to the server was 0 milliseconds ago. The driver has not received any packets from the server.
	at java.base/jdk.internal.reflect.NativeConstructorAccessorImpl.newInstance0(Native Method)
	at java.base/jdk.internal.reflect.NativeConstructorAccessorImpl.newInstance(NativeConstructorAccessorImpl.java:77)
	at java.base/jdk.internal.reflect.DelegatingConstructorAccessorImpl.newInstance(DelegatingConstructorAccessorImpl.java:45)
	at java.base/java.lang.reflect.Constructor.newInstanceWithCaller(Constructor.java:500)
	at java.base/java.lang.reflect.Constructor.newInstance(Constructor.java:481)
	at com.mysql.cj.exceptions.ExceptionFactory.createException(ExceptionFactory.java:61)
	at com.mysql.cj.exceptions.ExceptionFactory.createException(ExceptionFactory.java:104)
	at com.mysql.cj.exceptions.ExceptionFactory.createException(ExceptionFactory.java:149)
	at com.mysql.cj.exceptions.ExceptionFactory.createCommunicationsException(ExceptionFactory.java:165)
	at com.mysql.cj.protocol.a.NativeSocketConnection.connect(NativeSocketConnection.java:88)
	at com.mysql.cj.NativeSession.connect(NativeSession.java:120)
	at com.mysql.cj.jdbc.ConnectionImpl.connectOneTryOnly(ConnectionImpl.java:935)
	at com.mysql.cj.jdbc.ConnectionImpl.createNewIO(ConnectionImpl.java:805)
	... 99 common frames omitted
Caused by: java.net.ConnectException: Connection refused: getsockopt
	at java.base/sun.nio.ch.Net.pollConnect(Native Method)
	at java.base/sun.nio.ch.Net.pollConnectNow(Net.java:672)
	at java.base/sun.nio.ch.NioSocketImpl.timedFinishConnect(NioSocketImpl.java:547)
	at java.base/sun.nio.ch.NioSocketImpl.connect(NioSocketImpl.java:602)
	at java.base/java.net.SocksSocketImpl.connect(SocksSocketImpl.java:327)
	at java.base/java.net.Socket.connect(Socket.java:633)
	at com.mysql.cj.protocol.StandardSocketFactory.connect(StandardSocketFactory.java:153)
	at com.mysql.cj.protocol.a.NativeSocketConnection.connect(NativeSocketConnection.java:62)
	... 102 common frames omitted
2026-05-27 19:02:32.050 [main] INFO  com.itheima.TliasWebManagementApplication-Starting TliasWebManagementApplication using Java 17.0.13 with PID 28512 (C:\shixun\Talis\target\classes started by 徐坤 in C:\shixun\Talis)
2026-05-27 19:02:32.053 [main] INFO  com.itheima.TliasWebManagementApplication-No active profile set, falling back to 1 default profile: "default"
2026-05-27 19:02:32.919 [main] INFO  o.s.boot.web.embedded.tomcat.TomcatWebServer-Tomcat initialized with port 8080 (http)
2026-05-27 19:02:32.930 [main] INFO  org.apache.coyote.http11.Http11NioProtocol-Initializing ProtocolHandler ["http-nio-8080"]
2026-05-27 19:02:32.932 [main] INFO  org.apache.catalina.core.StandardService-Starting service [Tomcat]
2026-05-27 19:02:32.932 [main] INFO  org.apache.catalina.core.StandardEngine-Starting Servlet engine: [Apache Tomcat/10.1.39]
2026-05-27 19:02:32.981 [main] INFO  o.a.c.core.ContainerBase.[Tomcat].[localhost].[/]-Initializing Spring embedded WebApplicationContext
2026-05-27 19:02:32.981 [main] INFO  o.s.b.w.s.c.ServletWebServerApplicationContext-Root WebApplicationContext: initialization completed in 891 ms
2026-05-27 19:02:33.597 [main] INFO  o.s.b.a.web.servlet.WelcomePageHandlerMapping-Adding welcome page: class path resource [static/index.html]
2026-05-27 19:02:33.843 [main] INFO  org.apache.coyote.http11.Http11NioProtocol-Starting ProtocolHandler ["http-nio-8080"]
2026-05-27 19:02:33.860 [main] INFO  o.s.boot.web.embedded.tomcat.TomcatWebServer-Tomcat started on port 8080 (http) with context path '/'
2026-05-27 19:02:33.867 [main] INFO  com.itheima.TliasWebManagementApplication-Started TliasWebManagementApplication in 2.178 seconds (process running for 3.012)
2026-05-27 19:02:37.278 [http-nio-8080-exec-1] INFO  o.a.c.core.ContainerBase.[Tomcat].[localhost].[/]-Initializing Spring DispatcherServlet 'dispatcherServlet'
2026-05-27 19:02:37.278 [http-nio-8080-exec-1] INFO  org.springframework.web.servlet.DispatcherServlet-Initializing Servlet 'dispatcherServlet'
2026-05-27 19:02:37.279 [http-nio-8080-exec-1] INFO  org.springframework.web.servlet.DispatcherServlet-Completed initialization in 1 ms
2026-05-27 19:02:37.308 [http-nio-8080-exec-1] INFO  com.itheima.controller.DeptController-查询所有部门数据
2026-05-27 19:02:37.388 [http-nio-8080-exec-1] INFO  com.zaxxer.hikari.HikariDataSource-HikariPool-1 - Starting...
2026-05-27 19:02:37.655 [http-nio-8080-exec-1] INFO  com.zaxxer.hikari.pool.HikariPool-HikariPool-1 - Added connection com.mysql.cj.jdbc.ConnectionImpl@15bd385
2026-05-27 19:02:37.664 [http-nio-8080-exec-1] INFO  com.zaxxer.hikari.HikariDataSource-HikariPool-1 - Start completed.
2026-05-27 19:02:38.914 [http-nio-8080-exec-3] INFO  com.itheima.controller.DeptController-查询所有部门数据
2026-05-27 19:02:38.939 [http-nio-8080-exec-2] INFO  com.itheima.controller.EmpController-员工列表查询条件：EmpQueryParam(page=1, pageSize=10, name=, gender=null, begin=null, end=null)
2026-05-27 19:03:52.587 [http-nio-8080-exec-4] INFO  com.itheima.controller.EmpController-根据ID查询员工信息，id：89
2026-05-27 19:03:56.030 [http-nio-8080-exec-5] INFO  com.itheima.controller.EmpController-修改员工信息，员工信息：Emp(id=89, username=xhj, password=123456, name=谢豪杰, gender=1, phone=17360223610, job=4, salary=500, image=, entryDate=2026-05-05, deptId=3, createTime=2026-05-27T11:29:52, updateTime=2026-05-27T11:29:52, deptName=null, exprList=null)
2026-05-27 19:03:56.082 [http-nio-8080-exec-6] INFO  com.itheima.controller.EmpController-员工列表查询条件：EmpQueryParam(page=1, pageSize=10, name=, gender=null, begin=null, end=null)
2026-05-27 19:04:13.938 [http-nio-8080-exec-7] INFO  com.itheima.controller.EmpController-员工列表查询条件：EmpQueryParam(page=2, pageSize=10, name=, gender=null, begin=null, end=null)
2026-05-27 19:04:14.761 [http-nio-8080-exec-8] INFO  com.itheima.controller.EmpController-员工列表查询条件：EmpQueryParam(page=3, pageSize=10, name=, gender=null, begin=null, end=null)
2026-05-27 19:04:15.617 [http-nio-8080-exec-9] INFO  com.itheima.controller.EmpController-员工列表查询条件：EmpQueryParam(page=1, pageSize=10, name=, gender=null, begin=null, end=null)
2026-05-27 19:10:20.260 [http-nio-8080-exec-10] INFO  com.itheima.controller.EmpController-根据ID查询员工信息，id：89
2026-05-27 19:10:23.640 [http-nio-8080-exec-1] INFO  com.itheima.controller.EmpController-修改员工信息，员工信息：Emp(id=89, username=xhj, password=123456, name=谢豪杰, gender=1, phone=17360223610, job=2, salary=500, image=, entryDate=2026-05-05, deptId=3, createTime=2026-05-27T11:29:52, updateTime=2026-05-27T11:29:52, deptName=null, exprList=null)
2026-05-27 19:10:23.653 [http-nio-8080-exec-3] INFO  com.itheima.controller.EmpController-员工列表查询条件：EmpQueryParam(page=1, pageSize=10, name=, gender=null, begin=null, end=null)
2026-05-27 19:14:56.169 [http-nio-8080-exec-2] INFO  com.itheima.controller.EmpController-员工列表查询条件：EmpQueryParam(page=2, pageSize=10, name=, gender=null, begin=null, end=null)
2026-05-27 19:14:57.428 [http-nio-8080-exec-4] INFO  com.itheima.controller.EmpController-员工列表查询条件：EmpQueryParam(page=3, pageSize=10, name=, gender=null, begin=null, end=null)
2026-05-27 19:14:58.533 [http-nio-8080-exec-5] INFO  com.itheima.controller.EmpController-员工列表查询条件：EmpQueryParam(page=2, pageSize=10, name=, gender=null, begin=null, end=null)
2026-05-27 19:14:58.879 [http-nio-8080-exec-6] INFO  com.itheima.controller.EmpController-员工列表查询条件：EmpQueryParam(page=1, pageSize=10, name=, gender=null, begin=null, end=null)
2026-05-27 19:15:00.193 [http-nio-8080-exec-7] INFO  com.itheima.controller.DeptController-查询所有部门数据
2026-05-27 19:15:01.338 [http-nio-8080-exec-9] INFO  com.itheima.controller.DeptController-查询所有部门数据
2026-05-27 19:15:01.339 [http-nio-8080-exec-8] INFO  com.itheima.controller.EmpController-员工列表查询条件：EmpQueryParam(page=1, pageSize=10, name=, gender=null, begin=null, end=null)
2026-05-27 19:20:22.102 [http-nio-8080-exec-10] INFO  com.itheima.controller.EmpController-员工列表查询条件：EmpQueryParam(page=1, pageSize=10, name=, gender=1, begin=null, end=null)
2026-05-27 19:20:22.919 [http-nio-8080-exec-1] INFO  com.itheima.controller.EmpController-员工列表查询条件：EmpQueryParam(page=1, pageSize=10, name=, gender=1, begin=null, end=null)
2026-05-27 19:20:25.523 [http-nio-8080-exec-3] INFO  com.itheima.controller.EmpController-员工列表查询条件：EmpQueryParam(page=1, pageSize=10, name=, gender=2, begin=null, end=null)
2026-05-27 19:20:33.266 [http-nio-8080-exec-4] INFO  com.itheima.controller.DeptController-查询所有部门数据
2026-05-27 19:20:33.266 [http-nio-8080-exec-2] INFO  com.itheima.controller.EmpController-员工列表查询条件：EmpQueryParam(page=1, pageSize=10, name=, gender=null, begin=null, end=null)
2026-05-27 19:20:34.757 [http-nio-8080-exec-5] INFO  com.itheima.controller.EmpController-员工列表查询条件：EmpQueryParam(page=1, pageSize=10, name=, gender=null, begin=null, end=null)
2026-05-27 19:23:55.672 [http-nio-8080-exec-6] INFO  com.itheima.controller.EmpController-根据ID查询员工信息，id：89
2026-05-27 19:23:59.702 [http-nio-8080-exec-7] INFO  com.itheima.controller.EmpController-修改员工信息，员工信息：Emp(id=89, username=xhj, password=123456, name=谢豪杰, gender=1, phone=17360223610, job=3, salary=500, image=, entryDate=2026-05-05, deptId=3, createTime=2026-05-27T11:29:52, updateTime=2026-05-27T11:29:52, deptName=null, exprList=null)
2026-05-27 19:23:59.738 [http-nio-8080-exec-9] INFO  com.itheima.controller.EmpController-员工列表查询条件：EmpQueryParam(page=1, pageSize=10, name=, gender=null, begin=null, end=null)
2026-05-27 19:43:16.786 [http-nio-8080-exec-8] INFO  com.itheima.controller.DeptController-查询所有部门数据
2026-05-27 19:43:22.087 [http-nio-8080-exec-1] INFO  com.itheima.controller.DeptController-查询所有部门数据
2026-05-27 19:43:22.088 [http-nio-8080-exec-10] INFO  com.itheima.controller.EmpController-员工列表查询条件：EmpQueryParam(page=1, pageSize=10, name=, gender=null, begin=null, end=null)
2026-05-27 19:44:29.446 [http-nio-8080-exec-3] INFO  com.itheima.controller.EmpController-根据ID查询员工信息，id：89
2026-05-27 19:51:57.267 [http-nio-8080-exec-4] INFO  com.itheima.controller.EmpController-新增员工，员工信息：Emp(id=null, username=xzf, password=null, name=徐子凡, gender=1, phone=12312341234, job=5, salary=100, image=, entryDate=2026-05-06, deptId=51, createTime=null, updateTime=null, deptName=null, exprList=[EmpExpr(id=null, empId=null, begin=2026-05-09, end=2026-06-15, company=zf, job=咨询师)])
2026-05-27 19:51:57.282 [http-nio-8080-exec-4] DEBUG o.s.jdbc.support.JdbcTransactionManager-Creating new transaction with name [com.itheima.service.impl.EmpServiceImpl.saveEmp]: PROPAGATION_REQUIRED,ISOLATION_DEFAULT,-java.lang.Exception
2026-05-27 19:51:57.286 [http-nio-8080-exec-4] DEBUG o.s.jdbc.support.JdbcTransactionManager-Acquired Connection [HikariProxyConnection@596961175 wrapping com.mysql.cj.jdbc.ConnectionImpl@303bf106] for JDBC transaction
2026-05-27 19:51:57.289 [http-nio-8080-exec-4] DEBUG o.s.jdbc.support.JdbcTransactionManager-Switching JDBC Connection [HikariProxyConnection@596961175 wrapping com.mysql.cj.jdbc.ConnectionImpl@303bf106] to manual commit
2026-05-27 19:51:57.303 [http-nio-8080-exec-4] DEBUG o.s.jdbc.support.JdbcTransactionManager-Participating in existing transaction
2026-05-27 19:51:57.321 [http-nio-8080-exec-4] DEBUG o.s.jdbc.support.JdbcTransactionManager-Initiating transaction commit
2026-05-27 19:51:57.322 [http-nio-8080-exec-4] DEBUG o.s.jdbc.support.JdbcTransactionManager-Committing JDBC transaction on Connection [HikariProxyConnection@596961175 wrapping com.mysql.cj.jdbc.ConnectionImpl@303bf106]
2026-05-27 19:51:57.324 [http-nio-8080-exec-4] DEBUG o.s.jdbc.support.JdbcTransactionManager-Releasing JDBC Connection [HikariProxyConnection@596961175 wrapping com.mysql.cj.jdbc.ConnectionImpl@303bf106] after transaction
2026-05-27 19:51:57.334 [http-nio-8080-exec-2] INFO  com.itheima.controller.EmpController-员工列表查询条件：EmpQueryParam(page=1, pageSize=10, name=, gender=null, begin=null, end=null)
2026-05-27 19:52:12.830 [http-nio-8080-exec-5] INFO  com.itheima.controller.EmpController-批量删除学生，[90, 89]
2026-05-27 19:52:12.886 [http-nio-8080-exec-6] INFO  com.itheima.controller.EmpController-员工列表查询条件：EmpQueryParam(page=1, pageSize=10, name=, gender=null, begin=null, end=null)
2026-05-27 19:52:32.650 [SpringApplicationShutdownHook] INFO  com.zaxxer.hikari.HikariDataSource-HikariPool-1 - Shutdown initiated...
2026-05-27 19:52:32.654 [SpringApplicationShutdownHook] INFO  com.zaxxer.hikari.HikariDataSource-HikariPool-1 - Shutdown completed.
2026-05-27 20:00:56.672 [main] INFO  com.itheima.TliasWebManagementApplication-Starting TliasWebManagementApplication using Java 17.0.13 with PID 16672 (C:\shixun\Talis\target\classes started by 徐坤 in C:\shixun\Talis)
2026-05-27 20:00:56.674 [main] INFO  com.itheima.TliasWebManagementApplication-No active profile set, falling back to 1 default profile: "default"
2026-05-27 20:00:57.590 [main] INFO  o.s.boot.web.embedded.tomcat.TomcatWebServer-Tomcat initialized with port 8080 (http)
2026-05-27 20:00:57.601 [main] INFO  org.apache.coyote.http11.Http11NioProtocol-Initializing ProtocolHandler ["http-nio-8080"]
2026-05-27 20:00:57.602 [main] INFO  org.apache.catalina.core.StandardService-Starting service [Tomcat]
2026-05-27 20:00:57.603 [main] INFO  org.apache.catalina.core.StandardEngine-Starting Servlet engine: [Apache Tomcat/10.1.39]
2026-05-27 20:00:57.662 [main] INFO  o.a.c.core.ContainerBase.[Tomcat].[localhost].[/]-Initializing Spring embedded WebApplicationContext
2026-05-27 20:00:57.662 [main] INFO  o.s.b.w.s.c.ServletWebServerApplicationContext-Root WebApplicationContext: initialization completed in 944 ms
2026-05-27 20:00:58.320 [main] INFO  o.s.b.a.web.servlet.WelcomePageHandlerMapping-Adding welcome page: class path resource [static/index.html]
2026-05-27 20:00:58.565 [main] INFO  org.apache.coyote.http11.Http11NioProtocol-Starting ProtocolHandler ["http-nio-8080"]
2026-05-27 20:00:58.590 [main] INFO  o.s.boot.web.embedded.tomcat.TomcatWebServer-Tomcat started on port 8080 (http) with context path '/'
2026-05-27 20:00:58.600 [main] INFO  com.itheima.TliasWebManagementApplication-Started TliasWebManagementApplication in 2.38 seconds (process running for 3.284)
2026-05-27 20:01:05.395 [http-nio-8080-exec-2] INFO  o.a.c.core.ContainerBase.[Tomcat].[localhost].[/]-Initializing Spring DispatcherServlet 'dispatcherServlet'
2026-05-27 20:01:05.395 [http-nio-8080-exec-2] INFO  org.springframework.web.servlet.DispatcherServlet-Initializing Servlet 'dispatcherServlet'
2026-05-27 20:01:05.396 [http-nio-8080-exec-2] INFO  org.springframework.web.servlet.DispatcherServlet-Completed initialization in 1 ms
2026-05-27 20:01:05.441 [http-nio-8080-exec-2] INFO  com.itheima.controller.EmpController-查询员工列表
2026-05-27 20:01:05.465 [http-nio-8080-exec-1] INFO  com.itheima.controller.ClazzController-查询班级列表
2026-05-27 20:01:05.584 [http-nio-8080-exec-2] INFO  com.zaxxer.hikari.HikariDataSource-HikariPool-1 - Starting...
2026-05-27 20:01:05.810 [http-nio-8080-exec-2] INFO  com.zaxxer.hikari.pool.HikariPool-HikariPool-1 - Added connection com.mysql.cj.jdbc.ConnectionImpl@5a947eab
2026-05-27 20:01:05.813 [http-nio-8080-exec-2] INFO  com.zaxxer.hikari.HikariDataSource-HikariPool-1 - Start completed.
2026-05-27 20:01:07.351 [http-nio-8080-exec-4] INFO  com.itheima.controller.ClazzController-查询全部班级
2026-05-27 20:01:07.359 [http-nio-8080-exec-3] INFO  com.itheima.controller.StudentController-查询所有学生信息：StudentQueryParam(page=1, pageSize=10, name=, degree=null, clazzId=null)
2026-05-27 20:01:08.153 [http-nio-8080-exec-5] INFO  com.itheima.controller.DeptController-查询所有部门数据
2026-05-27 20:01:08.651 [http-nio-8080-exec-7] INFO  com.itheima.controller.DeptController-查询所有部门数据
2026-05-27 20:01:08.653 [http-nio-8080-exec-6] INFO  com.itheima.controller.EmpController-员工列表查询条件：EmpQueryParam(page=1, pageSize=10, name=, gender=null, begin=null, end=null)
2026-05-27 20:01:09.649 [http-nio-8080-exec-9] INFO  com.itheima.controller.EmpController-查询员工列表
2026-05-27 20:01:09.649 [http-nio-8080-exec-8] INFO  com.itheima.controller.ClazzController-查询班级列表
2026-05-27 20:01:44.946 [SpringApplicationShutdownHook] INFO  com.zaxxer.hikari.HikariDataSource-HikariPool-1 - Shutdown initiated...
2026-05-27 20:01:44.954 [SpringApplicationShutdownHook] INFO  com.zaxxer.hikari.HikariDataSource-HikariPool-1 - Shutdown completed.
2026-05-27 20:01:49.346 [main] INFO  com.itheima.TliasWebManagementApplication-Starting TliasWebManagementApplication using Java 17.0.13 with PID 23952 (C:\shixun\Talis\target\classes started by 徐坤 in C:\shixun\Talis)
2026-05-27 20:01:49.349 [main] INFO  com.itheima.TliasWebManagementApplication-No active profile set, falling back to 1 default profile: "default"
2026-05-27 20:01:50.285 [main] INFO  o.s.boot.web.embedded.tomcat.TomcatWebServer-Tomcat initialized with port 8080 (http)
2026-05-27 20:01:50.297 [main] INFO  org.apache.coyote.http11.Http11NioProtocol-Initializing ProtocolHandler ["http-nio-8080"]
2026-05-27 20:01:50.299 [main] INFO  org.apache.catalina.core.StandardService-Starting service [Tomcat]
2026-05-27 20:01:50.299 [main] INFO  org.apache.catalina.core.StandardEngine-Starting Servlet engine: [Apache Tomcat/10.1.39]
2026-05-27 20:01:50.359 [main] INFO  o.a.c.core.ContainerBase.[Tomcat].[localhost].[/]-Initializing Spring embedded WebApplicationContext
2026-05-27 20:01:50.359 [main] INFO  o.s.b.w.s.c.ServletWebServerApplicationContext-Root WebApplicationContext: initialization completed in 966 ms
2026-05-27 20:01:51.040 [main] INFO  o.s.b.a.web.servlet.WelcomePageHandlerMapping-Adding welcome page: class path resource [static/index.html]
2026-05-27 20:01:51.272 [main] INFO  org.apache.coyote.http11.Http11NioProtocol-Starting ProtocolHandler ["http-nio-8080"]
2026-05-27 20:01:51.289 [main] INFO  o.s.boot.web.embedded.tomcat.TomcatWebServer-Tomcat started on port 8080 (http) with context path '/'
2026-05-27 20:01:51.297 [main] INFO  com.itheima.TliasWebManagementApplication-Started TliasWebManagementApplication in 2.368 seconds (process running for 3.161)
2026-05-27 20:01:55.985 [http-nio-8080-exec-1] INFO  o.a.c.core.ContainerBase.[Tomcat].[localhost].[/]-Initializing Spring DispatcherServlet 'dispatcherServlet'
2026-05-27 20:01:55.985 [http-nio-8080-exec-1] INFO  org.springframework.web.servlet.DispatcherServlet-Initializing Servlet 'dispatcherServlet'
2026-05-27 20:01:55.987 [http-nio-8080-exec-1] INFO  org.springframework.web.servlet.DispatcherServlet-Completed initialization in 1 ms
2026-05-27 20:01:56.030 [http-nio-8080-exec-1] INFO  com.itheima.controller.DeptController-查询所有部门数据
2026-05-27 20:01:56.153 [http-nio-8080-exec-1] INFO  com.zaxxer.hikari.HikariDataSource-HikariPool-1 - Starting...
2026-05-27 20:01:56.370 [http-nio-8080-exec-1] INFO  com.zaxxer.hikari.pool.HikariPool-HikariPool-1 - Added connection com.mysql.cj.jdbc.ConnectionImpl@9d5e8bd
2026-05-27 20:01:56.373 [http-nio-8080-exec-1] INFO  com.zaxxer.hikari.HikariDataSource-HikariPool-1 - Start completed.
2026-05-27 20:01:57.011 [http-nio-8080-exec-6] INFO  com.itheima.controller.DeptController-查询所有部门数据
2026-05-27 20:01:57.041 [http-nio-8080-exec-2] INFO  com.itheima.controller.EmpController-员工列表查询条件：EmpQueryParam(page=1, pageSize=10, name=, gender=null, begin=null, end=null)
2026-05-27 20:01:58.257 [http-nio-8080-exec-5] INFO  com.itheima.controller.EmpController-查询员工列表
2026-05-27 20:01:58.261 [http-nio-8080-exec-7] INFO  com.itheima.controller.ClazzController-查询班级列表
2026-05-27 20:01:59.640 [http-nio-8080-exec-4] INFO  com.itheima.controller.ClazzController-查询全部班级
2026-05-27 20:01:59.641 [http-nio-8080-exec-9] INFO  com.itheima.controller.StudentController-查询所有学生信息：StudentQueryParam(page=1, pageSize=10, name=, degree=null, clazzId=null)
2026-05-27 20:01:59.643 [http-nio-8080-exec-4] ERROR com.itheima.exception.GlobalExceptionHandler-全局异常处理器收到了系统错误：
org.apache.ibatis.binding.BindingException: Invalid bound statement (not found): com.itheima.mapper.ClazzMapper.findAll
	at org.apache.ibatis.binding.MapperMethod$SqlCommand.<init>(MapperMethod.java:229)
	at com.baomidou.mybatisplus.core.override.MybatisMapperMethod.<init>(MybatisMapperMethod.java:50)
	at com.baomidou.mybatisplus.core.override.MybatisMapperProxy.lambda$cachedInvoker$0(MybatisMapperProxy.java:102)
	at java.base/java.util.concurrent.ConcurrentHashMap.computeIfAbsent(ConcurrentHashMap.java:1708)
	at org.apache.ibatis.util.MapUtil.computeIfAbsent(MapUtil.java:36)
	at com.baomidou.mybatisplus.core.override.MybatisMapperProxy.cachedInvoker(MybatisMapperProxy.java:100)
	at com.baomidou.mybatisplus.core.override.MybatisMapperProxy.invoke(MybatisMapperProxy.java:92)
	at jdk.proxy2/jdk.proxy2.$Proxy72.findAll(Unknown Source)
	at com.itheima.service.impl.ClazzServiceImpl.findAll(ClazzServiceImpl.java:18)
	at com.itheima.controller.ClazzController.list(ClazzController.java:64)
	at java.base/jdk.internal.reflect.NativeMethodAccessorImpl.invoke0(Native Method)
	at java.base/jdk.internal.reflect.NativeMethodAccessorImpl.invoke(NativeMethodAccessorImpl.java:77)
	at java.base/jdk.internal.reflect.DelegatingMethodAccessorImpl.invoke(DelegatingMethodAccessorImpl.java:43)
	at java.base/java.lang.reflect.Method.invoke(Method.java:569)
	at org.springframework.web.method.support.InvocableHandlerMethod.doInvoke(InvocableHandlerMethod.java:255)
	at org.springframework.web.method.support.InvocableHandlerMethod.invokeForRequest(InvocableHandlerMethod.java:188)
	at org.springframework.web.servlet.mvc.method.annotation.ServletInvocableHandlerMethod.invokeAndHandle(ServletInvocableHandlerMethod.java:118)
	at org.springframework.web.servlet.mvc.method.annotation.RequestMappingHandlerAdapter.invokeHandlerMethod(RequestMappingHandlerAdapter.java:926)
	at org.springframework.web.servlet.mvc.method.annotation.RequestMappingHandlerAdapter.handleInternal(RequestMappingHandlerAdapter.java:831)
	at org.springframework.web.servlet.mvc.method.AbstractHandlerMethodAdapter.handle(AbstractHandlerMethodAdapter.java:87)
	at org.springframework.web.servlet.DispatcherServlet.doDispatch(DispatcherServlet.java:1089)
	at org.springframework.web.servlet.DispatcherServlet.doService(DispatcherServlet.java:979)
	at org.springframework.web.servlet.FrameworkServlet.processRequest(FrameworkServlet.java:1014)
	at org.springframework.web.servlet.FrameworkServlet.doGet(FrameworkServlet.java:903)
	at jakarta.servlet.http.HttpServlet.service(HttpServlet.java:564)
	at org.springframework.web.servlet.FrameworkServlet.service(FrameworkServlet.java:885)
	at jakarta.servlet.http.HttpServlet.service(HttpServlet.java:658)
	at org.apache.catalina.core.ApplicationFilterChain.internalDoFilter(ApplicationFilterChain.java:195)
	at org.apache.catalina.core.ApplicationFilterChain.doFilter(ApplicationFilterChain.java:140)
	at org.apache.tomcat.websocket.server.WsFilter.doFilter(WsFilter.java:51)
	at org.apache.catalina.core.ApplicationFilterChain.internalDoFilter(ApplicationFilterChain.java:164)
	at org.apache.catalina.core.ApplicationFilterChain.doFilter(ApplicationFilterChain.java:140)
	at org.springframework.web.filter.RequestContextFilter.doFilterInternal(RequestContextFilter.java:100)
	at org.springframework.web.filter.OncePerRequestFilter.doFilter(OncePerRequestFilter.java:116)
	at org.apache.catalina.core.ApplicationFilterChain.internalDoFilter(ApplicationFilterChain.java:164)
	at org.apache.catalina.core.ApplicationFilterChain.doFilter(ApplicationFilterChain.java:140)
	at org.springframework.web.filter.FormContentFilter.doFilterInternal(FormContentFilter.java:93)
	at org.springframework.web.filter.OncePerRequestFilter.doFilter(OncePerRequestFilter.java:116)
	at org.apache.catalina.core.ApplicationFilterChain.internalDoFilter(ApplicationFilterChain.java:164)
	at org.apache.catalina.core.ApplicationFilterChain.doFilter(ApplicationFilterChain.java:140)
	at org.springframework.web.filter.CharacterEncodingFilter.doFilterInternal(CharacterEncodingFilter.java:201)
	at org.springframework.web.filter.OncePerRequestFilter.doFilter(OncePerRequestFilter.java:116)
	at org.apache.catalina.core.ApplicationFilterChain.internalDoFilter(ApplicationFilterChain.java:164)
	at org.apache.catalina.core.ApplicationFilterChain.doFilter(ApplicationFilterChain.java:140)
	at org.apache.catalina.core.StandardWrapperValve.invoke(StandardWrapperValve.java:167)
	at org.apache.catalina.core.StandardContextValve.invoke(StandardContextValve.java:90)
	at org.apache.catalina.authenticator.AuthenticatorBase.invoke(AuthenticatorBase.java:483)
	at org.apache.catalina.core.StandardHostValve.invoke(StandardHostValve.java:115)
	at org.apache.catalina.valves.ErrorReportValve.invoke(ErrorReportValve.java:93)
	at org.apache.catalina.core.StandardEngineValve.invoke(StandardEngineValve.java:74)
	at org.apache.catalina.connector.CoyoteAdapter.service(CoyoteAdapter.java:344)
	at org.apache.coyote.http11.Http11Processor.service(Http11Processor.java:397)
	at org.apache.coyote.AbstractProcessorLight.process(AbstractProcessorLight.java:63)
	at org.apache.coyote.AbstractProtocol$ConnectionHandler.process(AbstractProtocol.java:905)
	at org.apache.tomcat.util.net.NioEndpoint$SocketProcessor.doRun(NioEndpoint.java:1743)
	at org.apache.tomcat.util.net.SocketProcessorBase.run(SocketProcessorBase.java:52)
	at org.apache.tomcat.util.threads.ThreadPoolExecutor.runWorker(ThreadPoolExecutor.java:1190)
	at org.apache.tomcat.util.threads.ThreadPoolExecutor$Worker.run(ThreadPoolExecutor.java:659)
	at org.apache.tomcat.util.threads.TaskThread$WrappingRunnable.run(TaskThread.java:63)
	at java.base/java.lang.Thread.run(Thread.java:840)
2026-05-27 20:02:00.922 [http-nio-8080-exec-3] INFO  com.itheima.controller.EmpController-查询员工列表
2026-05-27 20:02:00.923 [http-nio-8080-exec-8] INFO  com.itheima.controller.ClazzController-查询班级列表
2026-05-27 20:02:02.379 [http-nio-8080-exec-1] INFO  com.itheima.controller.EmpController-查询员工列表
2026-05-27 20:02:02.380 [http-nio-8080-exec-10] INFO  com.itheima.controller.ClazzController-查询班级列表
2026-05-27 20:02:30.505 [SpringApplicationShutdownHook] INFO  com.zaxxer.hikari.HikariDataSource-HikariPool-1 - Shutdown initiated...
2026-05-27 20:02:30.513 [SpringApplicationShutdownHook] INFO  com.zaxxer.hikari.HikariDataSource-HikariPool-1 - Shutdown completed.
2026-05-27 20:02:32.972 [main] INFO  com.itheima.TliasWebManagementApplication-Starting TliasWebManagementApplication using Java 17.0.13 with PID 4440 (C:\shixun\Talis\target\classes started by 徐坤 in C:\shixun\Talis)
2026-05-27 20:02:32.975 [main] INFO  com.itheima.TliasWebManagementApplication-No active profile set, falling back to 1 default profile: "default"
2026-05-27 20:02:33.920 [main] INFO  o.s.boot.web.embedded.tomcat.TomcatWebServer-Tomcat initialized with port 8080 (http)
2026-05-27 20:02:33.931 [main] INFO  org.apache.coyote.http11.Http11NioProtocol-Initializing ProtocolHandler ["http-nio-8080"]
2026-05-27 20:02:33.934 [main] INFO  org.apache.catalina.core.StandardService-Starting service [Tomcat]
2026-05-27 20:02:33.934 [main] INFO  org.apache.catalina.core.StandardEngine-Starting Servlet engine: [Apache Tomcat/10.1.39]
2026-05-27 20:02:33.989 [main] INFO  o.a.c.core.ContainerBase.[Tomcat].[localhost].[/]-Initializing Spring embedded WebApplicationContext
2026-05-27 20:02:33.989 [main] INFO  o.s.b.w.s.c.ServletWebServerApplicationContext-Root WebApplicationContext: initialization completed in 972 ms
2026-05-27 20:02:34.713 [main] INFO  o.s.b.a.web.servlet.WelcomePageHandlerMapping-Adding welcome page: class path resource [static/index.html]
2026-05-27 20:02:34.961 [main] INFO  org.apache.coyote.http11.Http11NioProtocol-Starting ProtocolHandler ["http-nio-8080"]
2026-05-27 20:02:34.979 [main] INFO  o.s.boot.web.embedded.tomcat.TomcatWebServer-Tomcat started on port 8080 (http) with context path '/'
2026-05-27 20:02:34.988 [main] INFO  com.itheima.TliasWebManagementApplication-Started TliasWebManagementApplication in 2.427 seconds (process running for 3.212)
2026-05-27 20:03:13.969 [main] INFO  com.itheima.TliasWebManagementApplication-Starting TliasWebManagementApplication using Java 17.0.13 with PID 26304 (C:\shixun\Talis\target\classes started by 徐坤 in C:\shixun\Talis)
2026-05-27 20:03:13.971 [main] INFO  com.itheima.TliasWebManagementApplication-No active profile set, falling back to 1 default profile: "default"
2026-05-27 20:03:14.864 [main] INFO  o.s.boot.web.embedded.tomcat.TomcatWebServer-Tomcat initialized with port 8080 (http)
2026-05-27 20:03:14.875 [main] INFO  org.apache.coyote.http11.Http11NioProtocol-Initializing ProtocolHandler ["http-nio-8080"]
2026-05-27 20:03:14.877 [main] INFO  org.apache.catalina.core.StandardService-Starting service [Tomcat]
2026-05-27 20:03:14.878 [main] INFO  org.apache.catalina.core.StandardEngine-Starting Servlet engine: [Apache Tomcat/10.1.39]
2026-05-27 20:03:14.939 [main] INFO  o.a.c.core.ContainerBase.[Tomcat].[localhost].[/]-Initializing Spring embedded WebApplicationContext
2026-05-27 20:03:14.940 [main] INFO  o.s.b.w.s.c.ServletWebServerApplicationContext-Root WebApplicationContext: initialization completed in 924 ms
2026-05-27 20:03:15.638 [main] INFO  o.s.b.a.web.servlet.WelcomePageHandlerMapping-Adding welcome page: class path resource [static/index.html]
2026-05-27 20:03:15.869 [main] INFO  org.apache.coyote.http11.Http11NioProtocol-Starting ProtocolHandler ["http-nio-8080"]
2026-05-27 20:03:15.888 [main] INFO  o.s.boot.web.embedded.tomcat.TomcatWebServer-Tomcat started on port 8080 (http) with context path '/'
2026-05-27 20:03:15.896 [main] INFO  com.itheima.TliasWebManagementApplication-Started TliasWebManagementApplication in 2.321 seconds (process running for 3.095)
2026-05-27 20:03:20.254 [http-nio-8080-exec-1] INFO  o.a.c.core.ContainerBase.[Tomcat].[localhost].[/]-Initializing Spring DispatcherServlet 'dispatcherServlet'
2026-05-27 20:03:20.255 [http-nio-8080-exec-1] INFO  org.springframework.web.servlet.DispatcherServlet-Initializing Servlet 'dispatcherServlet'
2026-05-27 20:03:20.257 [http-nio-8080-exec-1] INFO  org.springframework.web.servlet.DispatcherServlet-Completed initialization in 1 ms
2026-05-27 20:03:20.302 [http-nio-8080-exec-1] INFO  com.itheima.controller.DeptController-查询所有部门数据
2026-05-27 20:03:20.387 [http-nio-8080-exec-1] INFO  com.zaxxer.hikari.HikariDataSource-HikariPool-1 - Starting...
2026-05-27 20:03:20.613 [http-nio-8080-exec-1] INFO  com.zaxxer.hikari.pool.HikariPool-HikariPool-1 - Added connection com.mysql.cj.jdbc.ConnectionImpl@33488c2f
2026-05-27 20:03:20.616 [http-nio-8080-exec-1] INFO  com.zaxxer.hikari.HikariDataSource-HikariPool-1 - Start completed.
2026-05-27 20:03:21.179 [http-nio-8080-exec-4] INFO  com.itheima.controller.DeptController-查询所有部门数据
2026-05-27 20:03:21.207 [http-nio-8080-exec-2] INFO  com.itheima.controller.EmpController-员工列表查询条件：EmpQueryParam(page=1, pageSize=10, name=, gender=null, begin=null, end=null)
2026-05-27 20:03:22.090 [http-nio-8080-exec-10] INFO  com.itheima.controller.EmpController-查询员工列表
2026-05-27 20:03:22.097 [http-nio-8080-exec-8] INFO  com.itheima.controller.ClazzController-查询班级列表
2026-05-27 20:03:23.118 [http-nio-8080-exec-6] INFO  com.itheima.controller.ClazzController-查询全部班级
2026-05-27 20:03:23.119 [http-nio-8080-exec-7] INFO  com.itheima.controller.StudentController-查询所有学生信息：StudentQueryParam(page=1, pageSize=10, name=, degree=null, clazzId=null)
2026-05-27 20:03:23.685 [http-nio-8080-exec-9] INFO  com.itheima.controller.EmpController-查询员工列表
2026-05-27 20:03:23.686 [http-nio-8080-exec-3] INFO  com.itheima.controller.ClazzController-查询班级列表
2026-05-27 20:03:25.867 [http-nio-8080-exec-5] INFO  com.itheima.controller.ClazzController-查询班级列表
2026-05-27 20:05:25.694 [SpringApplicationShutdownHook] INFO  com.zaxxer.hikari.HikariDataSource-HikariPool-1 - Shutdown initiated...
2026-05-27 20:05:25.706 [SpringApplicationShutdownHook] INFO  com.zaxxer.hikari.HikariDataSource-HikariPool-1 - Shutdown completed.
2026-05-27 20:05:30.369 [main] INFO  com.itheima.TliasWebManagementApplication-Starting TliasWebManagementApplication using Java 17.0.13 with PID 20772 (C:\shixun\Talis\target\classes started by 徐坤 in C:\shixun\Talis)
2026-05-27 20:05:30.372 [main] INFO  com.itheima.TliasWebManagementApplication-No active profile set, falling back to 1 default profile: "default"
2026-05-27 20:05:31.231 [main] INFO  o.s.boot.web.embedded.tomcat.TomcatWebServer-Tomcat initialized with port 8080 (http)
2026-05-27 20:05:31.242 [main] INFO  org.apache.coyote.http11.Http11NioProtocol-Initializing ProtocolHandler ["http-nio-8080"]
2026-05-27 20:05:31.244 [main] INFO  org.apache.catalina.core.StandardService-Starting service [Tomcat]
2026-05-27 20:05:31.244 [main] INFO  org.apache.catalina.core.StandardEngine-Starting Servlet engine: [Apache Tomcat/10.1.39]
2026-05-27 20:05:31.291 [main] INFO  o.a.c.core.ContainerBase.[Tomcat].[localhost].[/]-Initializing Spring embedded WebApplicationContext
2026-05-27 20:05:31.291 [main] INFO  o.s.b.w.s.c.ServletWebServerApplicationContext-Root WebApplicationContext: initialization completed in 876 ms
2026-05-27 20:05:31.955 [main] INFO  o.s.b.a.web.servlet.WelcomePageHandlerMapping-Adding welcome page: class path resource [static/index.html]
2026-05-27 20:05:32.212 [main] INFO  org.apache.coyote.http11.Http11NioProtocol-Starting ProtocolHandler ["http-nio-8080"]
2026-05-27 20:05:32.232 [main] INFO  o.s.boot.web.embedded.tomcat.TomcatWebServer-Tomcat started on port 8080 (http) with context path '/'
2026-05-27 20:05:32.240 [main] INFO  com.itheima.TliasWebManagementApplication-Started TliasWebManagementApplication in 2.259 seconds (process running for 3.021)
2026-05-27 20:05:36.879 [http-nio-8080-exec-1] INFO  o.a.c.core.ContainerBase.[Tomcat].[localhost].[/]-Initializing Spring DispatcherServlet 'dispatcherServlet'
2026-05-27 20:05:36.880 [http-nio-8080-exec-1] INFO  org.springframework.web.servlet.DispatcherServlet-Initializing Servlet 'dispatcherServlet'
2026-05-27 20:05:36.881 [http-nio-8080-exec-1] INFO  org.springframework.web.servlet.DispatcherServlet-Completed initialization in 1 ms
2026-05-27 20:05:36.925 [http-nio-8080-exec-1] INFO  com.itheima.controller.DeptController-查询所有部门数据
2026-05-27 20:05:37.006 [http-nio-8080-exec-1] INFO  com.zaxxer.hikari.HikariDataSource-HikariPool-1 - Starting...
2026-05-27 20:05:37.236 [http-nio-8080-exec-1] INFO  com.zaxxer.hikari.pool.HikariPool-HikariPool-1 - Added connection com.mysql.cj.jdbc.ConnectionImpl@7421cbfc
2026-05-27 20:05:37.239 [http-nio-8080-exec-1] INFO  com.zaxxer.hikari.HikariDataSource-HikariPool-1 - Start completed.
2026-05-27 20:05:37.812 [http-nio-8080-exec-3] INFO  com.itheima.controller.DeptController-查询所有部门数据
2026-05-27 20:05:37.843 [http-nio-8080-exec-2] INFO  com.itheima.controller.EmpController-员工列表查询条件：EmpQueryParam(page=1, pageSize=10, name=, gender=null, begin=null, end=null)
2026-05-27 20:05:39.679 [http-nio-8080-exec-5] INFO  com.itheima.controller.EmpController-查询员工列表
2026-05-27 20:05:39.683 [http-nio-8080-exec-4] INFO  com.itheima.controller.ClazzController-查询班级列表
2026-05-27 20:05:41.922 [http-nio-8080-exec-7] INFO  com.itheima.controller.ClazzController-查询全部班级
2026-05-27 20:05:41.923 [http-nio-8080-exec-6] INFO  com.itheima.controller.StudentController-查询所有学生信息：StudentQueryParam(page=1, pageSize=10, name=, degree=null, clazzId=null)
2026-05-27 20:05:42.640 [http-nio-8080-exec-9] INFO  com.itheima.controller.EmpController-查询员工列表
2026-05-27 20:05:42.641 [http-nio-8080-exec-8] INFO  com.itheima.controller.ClazzController-查询班级列表
2026-05-27 20:06:14.725 [SpringApplicationShutdownHook] INFO  com.zaxxer.hikari.HikariDataSource-HikariPool-1 - Shutdown initiated...
2026-05-27 20:06:14.731 [SpringApplicationShutdownHook] INFO  com.zaxxer.hikari.HikariDataSource-HikariPool-1 - Shutdown completed.
2026-05-27 20:06:19.675 [main] INFO  com.itheima.TliasWebManagementApplication-Starting TliasWebManagementApplication using Java 17.0.13 with PID 12904 (C:\shixun\Talis\target\classes started by 徐坤 in C:\shixun\Talis)
2026-05-27 20:06:19.678 [main] INFO  com.itheima.TliasWebManagementApplication-No active profile set, falling back to 1 default profile: "default"
2026-05-27 20:06:20.624 [main] INFO  o.s.boot.web.embedded.tomcat.TomcatWebServer-Tomcat initialized with port 8080 (http)
2026-05-27 20:06:20.636 [main] INFO  org.apache.coyote.http11.Http11NioProtocol-Initializing ProtocolHandler ["http-nio-8080"]
2026-05-27 20:06:20.638 [main] INFO  org.apache.catalina.core.StandardService-Starting service [Tomcat]
2026-05-27 20:06:20.638 [main] INFO  org.apache.catalina.core.StandardEngine-Starting Servlet engine: [Apache Tomcat/10.1.39]
2026-05-27 20:06:20.690 [main] INFO  o.a.c.core.ContainerBase.[Tomcat].[localhost].[/]-Initializing Spring embedded WebApplicationContext
2026-05-27 20:06:20.690 [main] INFO  o.s.b.w.s.c.ServletWebServerApplicationContext-Root WebApplicationContext: initialization completed in 969 ms
2026-05-27 20:06:21.421 [main] INFO  o.s.b.a.web.servlet.WelcomePageHandlerMapping-Adding welcome page: class path resource [static/index.html]
2026-05-27 20:06:21.657 [main] INFO  org.apache.coyote.http11.Http11NioProtocol-Starting ProtocolHandler ["http-nio-8080"]
2026-05-27 20:06:21.675 [main] INFO  o.s.boot.web.embedded.tomcat.TomcatWebServer-Tomcat started on port 8080 (http) with context path '/'
2026-05-27 20:06:21.682 [main] INFO  com.itheima.TliasWebManagementApplication-Started TliasWebManagementApplication in 2.405 seconds (process running for 3.212)
2026-05-27 20:06:27.135 [http-nio-8080-exec-1] INFO  o.a.c.core.ContainerBase.[Tomcat].[localhost].[/]-Initializing Spring DispatcherServlet 'dispatcherServlet'
2026-05-27 20:06:27.135 [http-nio-8080-exec-1] INFO  org.springframework.web.servlet.DispatcherServlet-Initializing Servlet 'dispatcherServlet'
2026-05-27 20:06:27.137 [http-nio-8080-exec-1] INFO  org.springframework.web.servlet.DispatcherServlet-Completed initialization in 1 ms
2026-05-27 20:06:27.185 [http-nio-8080-exec-1] INFO  com.itheima.controller.DeptController-查询所有部门数据
2026-05-27 20:06:27.268 [http-nio-8080-exec-1] INFO  com.zaxxer.hikari.HikariDataSource-HikariPool-1 - Starting...
2026-05-27 20:06:27.483 [http-nio-8080-exec-1] INFO  com.zaxxer.hikari.pool.HikariPool-HikariPool-1 - Added connection com.mysql.cj.jdbc.ConnectionImpl@62885449
2026-05-27 20:06:27.485 [http-nio-8080-exec-1] INFO  com.zaxxer.hikari.HikariDataSource-HikariPool-1 - Start completed.
2026-05-27 20:06:28.097 [http-nio-8080-exec-3] INFO  com.itheima.controller.DeptController-查询所有部门数据
2026-05-27 20:06:28.125 [http-nio-8080-exec-2] INFO  com.itheima.controller.EmpController-员工列表查询条件：EmpQueryParam(page=1, pageSize=10, name=, gender=null, begin=null, end=null)
2026-05-27 20:06:29.819 [http-nio-8080-exec-5] INFO  com.itheima.controller.EmpController-查询员工列表
2026-05-27 20:06:29.822 [http-nio-8080-exec-6] INFO  com.itheima.controller.ClazzController-查询班级列表
2026-05-27 20:06:31.061 [http-nio-8080-exec-7] INFO  com.itheima.controller.ClazzController-查询全部班级
2026-05-27 20:06:31.062 [http-nio-8080-exec-4] INFO  com.itheima.controller.StudentController-查询所有学生信息：StudentQueryParam(page=1, pageSize=10, name=, degree=null, clazzId=null)
2026-05-27 20:06:31.673 [http-nio-8080-exec-8] INFO  com.itheima.controller.EmpController-查询员工列表
2026-05-27 20:06:31.674 [http-nio-8080-exec-9] INFO  com.itheima.controller.ClazzController-查询班级列表
2026-05-27 20:07:02.152 [SpringApplicationShutdownHook] INFO  com.zaxxer.hikari.HikariDataSource-HikariPool-1 - Shutdown initiated...
2026-05-27 20:07:02.157 [SpringApplicationShutdownHook] INFO  com.zaxxer.hikari.HikariDataSource-HikariPool-1 - Shutdown completed.
2026-05-27 20:07:06.321 [main] INFO  com.itheima.TliasWebManagementApplication-Starting TliasWebManagementApplication using Java 17.0.13 with PID 28336 (C:\shixun\Talis\target\classes started by 徐坤 in C:\shixun\Talis)
2026-05-27 20:07:06.323 [main] INFO  com.itheima.TliasWebManagementApplication-No active profile set, falling back to 1 default profile: "default"
2026-05-27 20:07:07.180 [main] INFO  o.s.boot.web.embedded.tomcat.TomcatWebServer-Tomcat initialized with port 8080 (http)
2026-05-27 20:07:07.189 [main] INFO  org.apache.coyote.http11.Http11NioProtocol-Initializing ProtocolHandler ["http-nio-8080"]
2026-05-27 20:07:07.191 [main] INFO  org.apache.catalina.core.StandardService-Starting service [Tomcat]
2026-05-27 20:07:07.191 [main] INFO  org.apache.catalina.core.StandardEngine-Starting Servlet engine: [Apache Tomcat/10.1.39]
2026-05-27 20:07:07.234 [main] INFO  o.a.c.core.ContainerBase.[Tomcat].[localhost].[/]-Initializing Spring embedded WebApplicationContext
2026-05-27 20:07:07.235 [main] INFO  o.s.b.w.s.c.ServletWebServerApplicationContext-Root WebApplicationContext: initialization completed in 869 ms
2026-05-27 20:07:07.887 [main] INFO  o.s.b.a.web.servlet.WelcomePageHandlerMapping-Adding welcome page: class path resource [static/index.html]
2026-05-27 20:07:08.113 [main] INFO  org.apache.coyote.http11.Http11NioProtocol-Starting ProtocolHandler ["http-nio-8080"]
2026-05-27 20:07:08.133 [main] INFO  o.s.boot.web.embedded.tomcat.TomcatWebServer-Tomcat started on port 8080 (http) with context path '/'
2026-05-27 20:07:08.141 [main] INFO  com.itheima.TliasWebManagementApplication-Started TliasWebManagementApplication in 2.201 seconds (process running for 2.936)
2026-05-27 20:07:16.106 [http-nio-8080-exec-1] INFO  o.a.c.core.ContainerBase.[Tomcat].[localhost].[/]-Initializing Spring DispatcherServlet 'dispatcherServlet'
2026-05-27 20:07:16.106 [http-nio-8080-exec-1] INFO  org.springframework.web.servlet.DispatcherServlet-Initializing Servlet 'dispatcherServlet'
2026-05-27 20:07:16.108 [http-nio-8080-exec-1] INFO  org.springframework.web.servlet.DispatcherServlet-Completed initialization in 1 ms
2026-05-27 20:07:16.158 [http-nio-8080-exec-1] INFO  com.itheima.controller.DeptController-查询所有部门数据
2026-05-27 20:07:16.248 [http-nio-8080-exec-1] INFO  com.zaxxer.hikari.HikariDataSource-HikariPool-1 - Starting...
2026-05-27 20:07:16.461 [http-nio-8080-exec-1] INFO  com.zaxxer.hikari.pool.HikariPool-HikariPool-1 - Added connection com.mysql.cj.jdbc.ConnectionImpl@3b014901
2026-05-27 20:07:16.464 [http-nio-8080-exec-1] INFO  com.zaxxer.hikari.HikariDataSource-HikariPool-1 - Start completed.
2026-05-27 20:07:17.106 [http-nio-8080-exec-3] INFO  com.itheima.controller.DeptController-查询所有部门数据
2026-05-27 20:07:17.138 [http-nio-8080-exec-5] INFO  com.itheima.controller.EmpController-员工列表查询条件：EmpQueryParam(page=1, pageSize=10, name=, gender=null, begin=null, end=null)
2026-05-27 20:07:18.237 [http-nio-8080-exec-2] INFO  com.itheima.controller.EmpController-查询员工列表
2026-05-27 20:07:18.241 [http-nio-8080-exec-4] INFO  com.itheima.controller.ClazzController-查询班级列表
2026-05-27 20:07:19.149 [http-nio-8080-exec-8] INFO  com.itheima.controller.ClazzController-查询全部班级
2026-05-27 20:07:19.151 [http-nio-8080-exec-6] INFO  com.itheima.controller.StudentController-查询所有学生信息：StudentQueryParam(page=1, pageSize=10, name=, degree=null, clazzId=null)
2026-05-27 20:07:19.954 [http-nio-8080-exec-9] INFO  com.itheima.controller.EmpController-查询员工列表
2026-05-27 20:07:19.954 [http-nio-8080-exec-7] INFO  com.itheima.controller.ClazzController-查询班级列表
2026-05-27 20:09:13.632 [SpringApplicationShutdownHook] INFO  com.zaxxer.hikari.HikariDataSource-HikariPool-1 - Shutdown initiated...
2026-05-27 20:09:13.643 [SpringApplicationShutdownHook] INFO  com.zaxxer.hikari.HikariDataSource-HikariPool-1 - Shutdown completed.
2026-05-27 20:09:18.192 [main] INFO  com.itheima.TliasWebManagementApplication-Starting TliasWebManagementApplication using Java 17.0.13 with PID 8968 (C:\shixun\Talis\target\classes started by 徐坤 in C:\shixun\Talis)
2026-05-27 20:09:18.194 [main] INFO  com.itheima.TliasWebManagementApplication-No active profile set, falling back to 1 default profile: "default"
2026-05-27 20:09:19.060 [main] INFO  o.s.boot.web.embedded.tomcat.TomcatWebServer-Tomcat initialized with port 8080 (http)
2026-05-27 20:09:19.069 [main] INFO  org.apache.coyote.http11.Http11NioProtocol-Initializing ProtocolHandler ["http-nio-8080"]
2026-05-27 20:09:19.070 [main] INFO  org.apache.catalina.core.StandardService-Starting service [Tomcat]
2026-05-27 20:09:19.071 [main] INFO  org.apache.catalina.core.StandardEngine-Starting Servlet engine: [Apache Tomcat/10.1.39]
2026-05-27 20:09:19.120 [main] INFO  o.a.c.core.ContainerBase.[Tomcat].[localhost].[/]-Initializing Spring embedded WebApplicationContext
2026-05-27 20:09:19.120 [main] INFO  o.s.b.w.s.c.ServletWebServerApplicationContext-Root WebApplicationContext: initialization completed in 883 ms
2026-05-27 20:09:19.761 [main] INFO  o.s.b.a.web.servlet.WelcomePageHandlerMapping-Adding welcome page: class path resource [static/index.html]
2026-05-27 20:09:19.988 [main] INFO  org.apache.coyote.http11.Http11NioProtocol-Starting ProtocolHandler ["http-nio-8080"]
2026-05-27 20:09:20.006 [main] INFO  o.s.boot.web.embedded.tomcat.TomcatWebServer-Tomcat started on port 8080 (http) with context path '/'
2026-05-27 20:09:20.014 [main] INFO  com.itheima.TliasWebManagementApplication-Started TliasWebManagementApplication in 2.213 seconds (process running for 2.988)
2026-05-27 20:09:23.780 [http-nio-8080-exec-4] INFO  o.a.c.core.ContainerBase.[Tomcat].[localhost].[/]-Initializing Spring DispatcherServlet 'dispatcherServlet'
2026-05-27 20:09:23.780 [http-nio-8080-exec-4] INFO  org.springframework.web.servlet.DispatcherServlet-Initializing Servlet 'dispatcherServlet'
2026-05-27 20:09:23.781 [http-nio-8080-exec-4] INFO  org.springframework.web.servlet.DispatcherServlet-Completed initialization in 1 ms
2026-05-27 20:09:23.816 [http-nio-8080-exec-1] INFO  com.itheima.controller.EmpController-查询员工列表
2026-05-27 20:09:23.834 [http-nio-8080-exec-4] INFO  com.itheima.controller.ClazzController-查询班级列表
2026-05-27 20:09:23.881 [http-nio-8080-exec-1] INFO  com.zaxxer.hikari.HikariDataSource-HikariPool-1 - Starting...
2026-05-27 20:09:24.047 [http-nio-8080-exec-1] INFO  com.zaxxer.hikari.pool.HikariPool-HikariPool-1 - Added connection com.mysql.cj.jdbc.ConnectionImpl@3cb768f
2026-05-27 20:09:24.050 [http-nio-8080-exec-1] INFO  com.zaxxer.hikari.HikariDataSource-HikariPool-1 - Start completed.
2026-05-27 20:09:27.671 [http-nio-8080-exec-10] INFO  com.itheima.controller.ClazzController-查询全部班级
2026-05-27 20:09:27.680 [http-nio-8080-exec-7] INFO  com.itheima.controller.StudentController-查询所有学生信息：StudentQueryParam(page=1, pageSize=10, name=, degree=null, clazzId=null)
2026-05-27 20:09:29.278 [http-nio-8080-exec-2] INFO  com.itheima.controller.DeptController-查询所有部门数据
2026-05-27 20:09:30.275 [http-nio-8080-exec-3] INFO  com.itheima.controller.DeptController-查询所有部门数据
2026-05-27 20:09:30.277 [http-nio-8080-exec-6] INFO  com.itheima.controller.EmpController-员工列表查询条件：EmpQueryParam(page=1, pageSize=10, name=, gender=null, begin=null, end=null)
2026-05-27 20:09:31.852 [http-nio-8080-exec-8] INFO  com.itheima.controller.DeptController-查询所有部门数据
2026-05-27 20:09:36.616 [http-nio-8080-exec-5] INFO  com.itheima.controller.DeptController-查询所有部门数据
2026-05-27 20:09:36.617 [http-nio-8080-exec-9] INFO  com.itheima.controller.EmpController-员工列表查询条件：EmpQueryParam(page=1, pageSize=10, name=, gender=null, begin=null, end=null)
2026-05-27 20:09:37.063 [http-nio-8080-exec-4] INFO  com.itheima.controller.DeptController-查询所有部门数据
2026-05-27 20:09:38.911 [http-nio-8080-exec-1] INFO  com.itheima.controller.DeptController-根据id查询部门，要查询的id：1
2026-05-27 20:09:42.313 [http-nio-8080-exec-10] INFO  com.itheima.controller.DeptController-根据id查询部门，要查询的id：51
2026-05-27 20:09:45.038 [http-nio-8080-exec-7] INFO  com.itheima.controller.DeptController-修改部门数据，修改后的部门数据：Dept(id=51, name=16, createTime=2026-05-26T09:39:33, updateTime=2026-05-26T09:39:33)
2026-05-27 20:09:45.073 [http-nio-8080-exec-2] INFO  com.itheima.controller.DeptController-查询所有部门数据
2026-05-27 20:09:46.630 [http-nio-8080-exec-6] INFO  com.itheima.controller.EmpController-查询员工列表
2026-05-27 20:09:46.631 [http-nio-8080-exec-3] INFO  com.itheima.controller.ClazzController-查询班级列表
2026-05-27 20:11:14.374 [SpringApplicationShutdownHook] INFO  com.zaxxer.hikari.HikariDataSource-HikariPool-1 - Shutdown initiated...
2026-05-27 20:11:14.384 [SpringApplicationShutdownHook] INFO  com.zaxxer.hikari.HikariDataSource-HikariPool-1 - Shutdown completed.
2026-05-27 20:11:19.022 [main] INFO  com.itheima.TliasWebManagementApplication-Starting TliasWebManagementApplication using Java 17.0.13 with PID 29636 (C:\shixun\Talis\target\classes started by 徐坤 in C:\shixun\Talis)
2026-05-27 20:11:19.024 [main] INFO  com.itheima.TliasWebManagementApplication-No active profile set, falling back to 1 default profile: "default"
2026-05-27 20:11:19.970 [main] INFO  o.s.boot.web.embedded.tomcat.TomcatWebServer-Tomcat initialized with port 8080 (http)
2026-05-27 20:11:19.980 [main] INFO  org.apache.coyote.http11.Http11NioProtocol-Initializing ProtocolHandler ["http-nio-8080"]
2026-05-27 20:11:19.982 [main] INFO  org.apache.catalina.core.StandardService-Starting service [Tomcat]
2026-05-27 20:11:19.982 [main] INFO  org.apache.catalina.core.StandardEngine-Starting Servlet engine: [Apache Tomcat/10.1.39]
2026-05-27 20:11:20.035 [main] INFO  o.a.c.core.ContainerBase.[Tomcat].[localhost].[/]-Initializing Spring embedded WebApplicationContext
2026-05-27 20:11:20.036 [main] INFO  o.s.b.w.s.c.ServletWebServerApplicationContext-Root WebApplicationContext: initialization completed in 967 ms
2026-05-27 20:11:20.762 [main] INFO  o.s.b.a.web.servlet.WelcomePageHandlerMapping-Adding welcome page: class path resource [static/index.html]
2026-05-27 20:11:21.012 [main] INFO  org.apache.coyote.http11.Http11NioProtocol-Starting ProtocolHandler ["http-nio-8080"]
2026-05-27 20:11:21.032 [main] INFO  o.s.boot.web.embedded.tomcat.TomcatWebServer-Tomcat started on port 8080 (http) with context path '/'
2026-05-27 20:11:21.040 [main] INFO  com.itheima.TliasWebManagementApplication-Started TliasWebManagementApplication in 2.46 seconds (process running for 3.267)
2026-05-27 20:11:25.678 [http-nio-8080-exec-1] INFO  o.a.c.core.ContainerBase.[Tomcat].[localhost].[/]-Initializing Spring DispatcherServlet 'dispatcherServlet'
2026-05-27 20:11:25.678 [http-nio-8080-exec-1] INFO  org.springframework.web.servlet.DispatcherServlet-Initializing Servlet 'dispatcherServlet'
2026-05-27 20:11:25.679 [http-nio-8080-exec-1] INFO  org.springframework.web.servlet.DispatcherServlet-Completed initialization in 1 ms
2026-05-27 20:11:25.713 [http-nio-8080-exec-2] INFO  com.itheima.controller.EmpController-查询员工列表
2026-05-27 20:11:25.729 [http-nio-8080-exec-1] INFO  com.itheima.controller.ClazzController-查询班级列表
2026-05-27 20:11:25.780 [http-nio-8080-exec-2] INFO  com.zaxxer.hikari.HikariDataSource-HikariPool-1 - Starting...
2026-05-27 20:11:25.969 [http-nio-8080-exec-2] INFO  com.zaxxer.hikari.pool.HikariPool-HikariPool-1 - Added connection com.mysql.cj.jdbc.ConnectionImpl@2011c1f5
2026-05-27 20:11:25.972 [http-nio-8080-exec-2] INFO  com.zaxxer.hikari.HikariDataSource-HikariPool-1 - Start completed.
2026-05-27 20:11:26.944 [http-nio-8080-exec-4] INFO  com.itheima.controller.EmpController-查询员工列表
2026-05-27 20:11:26.945 [http-nio-8080-exec-3] INFO  com.itheima.controller.ClazzController-查询班级列表
2026-05-27 20:11:33.720 [http-nio-8080-exec-5] INFO  com.itheima.controller.DeptController-查询所有部门数据
2026-05-27 20:11:34.620 [http-nio-8080-exec-6] INFO  com.itheima.controller.DeptController-查询所有部门数据
2026-05-27 20:11:34.629 [http-nio-8080-exec-8] INFO  com.itheima.controller.EmpController-员工列表查询条件：EmpQueryParam(page=1, pageSize=10, name=, gender=null, begin=null, end=null)
2026-05-27 20:11:37.292 [http-nio-8080-exec-9] INFO  com.itheima.controller.ClazzController-查询全部班级
2026-05-27 20:11:37.293 [http-nio-8080-exec-7] INFO  com.itheima.controller.StudentController-查询所有学生信息：StudentQueryParam(page=1, pageSize=10, name=, degree=null, clazzId=null)
2026-05-27 20:11:38.098 [http-nio-8080-exec-1] INFO  com.itheima.controller.EmpController-查询员工列表
2026-05-27 20:11:38.099 [http-nio-8080-exec-10] INFO  com.itheima.controller.ClazzController-查询班级列表
2026-05-27 20:11:51.968 [http-nio-8080-exec-2] INFO  com.itheima.controller.ClazzController-查询班级列表
2026-05-27 20:12:19.250 [SpringApplicationShutdownHook] INFO  com.zaxxer.hikari.HikariDataSource-HikariPool-1 - Shutdown initiated...
2026-05-27 20:12:19.262 [SpringApplicationShutdownHook] INFO  com.zaxxer.hikari.HikariDataSource-HikariPool-1 - Shutdown completed.
2026-05-27 20:12:21.735 [main] INFO  com.itheima.TliasWebManagementApplication-Starting TliasWebManagementApplication using Java 17.0.13 with PID 29664 (C:\shixun\Talis\target\classes started by 徐坤 in C:\shixun\Talis)
2026-05-27 20:12:21.738 [main] INFO  com.itheima.TliasWebManagementApplication-No active profile set, falling back to 1 default profile: "default"
2026-05-27 20:12:22.609 [main] INFO  o.s.boot.web.embedded.tomcat.TomcatWebServer-Tomcat initialized with port 8080 (http)
2026-05-27 20:12:22.618 [main] INFO  org.apache.coyote.http11.Http11NioProtocol-Initializing ProtocolHandler ["http-nio-8080"]
2026-05-27 20:12:22.620 [main] INFO  org.apache.catalina.core.StandardService-Starting service [Tomcat]
2026-05-27 20:12:22.620 [main] INFO  org.apache.catalina.core.StandardEngine-Starting Servlet engine: [Apache Tomcat/10.1.39]
2026-05-27 20:12:22.662 [main] INFO  o.a.c.core.ContainerBase.[Tomcat].[localhost].[/]-Initializing Spring embedded WebApplicationContext
2026-05-27 20:12:22.663 [main] INFO  o.s.b.w.s.c.ServletWebServerApplicationContext-Root WebApplicationContext: initialization completed in 882 ms
2026-05-27 20:12:23.202 [main] ERROR org.mybatis.spring.mapper.MapperFactoryBean-Error while adding the mapper 'interface com.itheima.mapper.EmpMapper' to configuration.
org.apache.ibatis.builder.BuilderException: Error parsing Mapper XML. The XML location is 'com/itheima/mapper/EmpMapper.xml'. Cause: org.apache.ibatis.builder.BuilderException: Wrong namespace. Expected 'com.itheima.mapper.EmpMapper' but found 'com.tlias.mapper.EmpMapper'.
	at com.baomidou.mybatisplus.core.MybatisXMLMapperBuilder.configurationElement(MybatisXMLMapperBuilder.java:129)
	at com.baomidou.mybatisplus.core.MybatisXMLMapperBuilder.parse(MybatisXMLMapperBuilder.java:102)
	at com.baomidou.mybatisplus.core.MybatisMapperAnnotationBuilder.loadXmlResource(MybatisMapperAnnotationBuilder.java:153)
	at com.baomidou.mybatisplus.core.MybatisMapperAnnotationBuilder.parse(MybatisMapperAnnotationBuilder.java:91)
	at com.baomidou.mybatisplus.core.MybatisMapperRegistry.addMapper(MybatisMapperRegistry.java:90)
	at com.baomidou.mybatisplus.core.MybatisConfiguration.addMapper(MybatisConfiguration.java:129)
	at org.mybatis.spring.mapper.MapperFactoryBean.checkDaoConfig(MapperFactoryBean.java:76)
	at org.springframework.dao.support.DaoSupport.afterPropertiesSet(DaoSupport.java:44)
	at org.springframework.beans.factory.support.AbstractAutowireCapableBeanFactory.invokeInitMethods(AbstractAutowireCapableBeanFactory.java:1853)
	at org.springframework.beans.factory.support.AbstractAutowireCapableBeanFactory.initializeBean(AbstractAutowireCapableBeanFactory.java:1802)
	at org.springframework.beans.factory.support.AbstractAutowireCapableBeanFactory.doCreateBean(AbstractAutowireCapableBeanFactory.java:600)
	at org.springframework.beans.factory.support.AbstractAutowireCapableBeanFactory.createBean(AbstractAutowireCapableBeanFactory.java:522)
	at org.springframework.beans.factory.support.AbstractBeanFactory.lambda$doGetBean$0(AbstractBeanFactory.java:337)
	at org.springframework.beans.factory.support.DefaultSingletonBeanRegistry.getSingleton(DefaultSingletonBeanRegistry.java:234)
	at org.springframework.beans.factory.support.AbstractBeanFactory.doGetBean(AbstractBeanFactory.java:335)
	at org.springframework.beans.factory.support.AbstractBeanFactory.getBean(AbstractBeanFactory.java:200)
	at org.springframework.beans.factory.config.DependencyDescriptor.resolveCandidate(DependencyDescriptor.java:254)
	at org.springframework.beans.factory.support.DefaultListableBeanFactory.doResolveDependency(DefaultListableBeanFactory.java:1448)
	at org.springframework.beans.factory.support.DefaultListableBeanFactory.resolveDependency(DefaultListableBeanFactory.java:1358)
	at org.springframework.beans.factory.annotation.AutowiredAnnotationBeanPostProcessor$AutowiredFieldElement.resolveFieldValue(AutowiredAnnotationBeanPostProcessor.java:785)
	at org.springframework.beans.factory.annotation.AutowiredAnnotationBeanPostProcessor$AutowiredFieldElement.inject(AutowiredAnnotationBeanPostProcessor.java:768)
	at org.springframework.beans.factory.annotation.InjectionMetadata.inject(InjectionMetadata.java:145)
	at org.springframework.beans.factory.annotation.AutowiredAnnotationBeanPostProcessor.postProcessProperties(AutowiredAnnotationBeanPostProcessor.java:509)
	at org.springframework.beans.factory.support.AbstractAutowireCapableBeanFactory.populateBean(AbstractAutowireCapableBeanFactory.java:1439)
	at org.springframework.beans.factory.support.AbstractAutowireCapableBeanFactory.doCreateBean(AbstractAutowireCapableBeanFactory.java:599)
	at org.springframework.beans.factory.support.AbstractAutowireCapableBeanFactory.createBean(AbstractAutowireCapableBeanFactory.java:522)
	at org.springframework.beans.factory.support.AbstractBeanFactory.lambda$doGetBean$0(AbstractBeanFactory.java:337)
	at org.springframework.beans.factory.support.DefaultSingletonBeanRegistry.getSingleton(DefaultSingletonBeanRegistry.java:234)
	at org.springframework.beans.factory.support.AbstractBeanFactory.doGetBean(AbstractBeanFactory.java:335)
	at org.springframework.beans.factory.support.AbstractBeanFactory.getBean(AbstractBeanFactory.java:200)
	at org.springframework.beans.factory.config.DependencyDescriptor.resolveCandidate(DependencyDescriptor.java:254)
	at org.springframework.beans.factory.support.DefaultListableBeanFactory.doResolveDependency(DefaultListableBeanFactory.java:1448)
	at org.springframework.beans.factory.support.DefaultListableBeanFactory.resolveDependency(DefaultListableBeanFactory.java:1358)
	at org.springframework.beans.factory.annotation.AutowiredAnnotationBeanPostProcessor$AutowiredFieldElement.resolveFieldValue(AutowiredAnnotationBeanPostProcessor.java:785)
	at org.springframework.beans.factory.annotation.AutowiredAnnotationBeanPostProcessor$AutowiredFieldElement.inject(AutowiredAnnotationBeanPostProcessor.java:768)
	at org.springframework.beans.factory.annotation.InjectionMetadata.inject(InjectionMetadata.java:145)
	at org.springframework.beans.factory.annotation.AutowiredAnnotationBeanPostProcessor.postProcessProperties(AutowiredAnnotationBeanPostProcessor.java:509)
	at org.springframework.beans.factory.support.AbstractAutowireCapableBeanFactory.populateBean(AbstractAutowireCapableBeanFactory.java:1439)
	at org.springframework.beans.factory.support.AbstractAutowireCapableBeanFactory.doCreateBean(AbstractAutowireCapableBeanFactory.java:599)
	at org.springframework.beans.factory.support.AbstractAutowireCapableBeanFactory.createBean(AbstractAutowireCapableBeanFactory.java:522)
	at org.springframework.beans.factory.support.AbstractBeanFactory.lambda$doGetBean$0(AbstractBeanFactory.java:337)
	at org.springframework.beans.factory.support.DefaultSingletonBeanRegistry.getSingleton(DefaultSingletonBeanRegistry.java:234)
	at org.springframework.beans.factory.support.AbstractBeanFactory.doGetBean(AbstractBeanFactory.java:335)
	at org.springframework.beans.factory.support.AbstractBeanFactory.getBean(AbstractBeanFactory.java:200)
	at org.springframework.beans.factory.support.DefaultListableBeanFactory.preInstantiateSingletons(DefaultListableBeanFactory.java:975)
	at org.springframework.context.support.AbstractApplicationContext.finishBeanFactoryInitialization(AbstractApplicationContext.java:971)
	at org.springframework.context.support.AbstractApplicationContext.refresh(AbstractApplicationContext.java:625)
	at org.springframework.boot.web.servlet.context.ServletWebServerApplicationContext.refresh(ServletWebServerApplicationContext.java:146)
	at org.springframework.boot.SpringApplication.refresh(SpringApplication.java:754)
	at org.springframework.boot.SpringApplication.refreshContext(SpringApplication.java:456)
	at org.springframework.boot.SpringApplication.run(SpringApplication.java:335)
	at org.springframework.boot.SpringApplication.run(SpringApplication.java:1363)
	at org.springframework.boot.SpringApplication.run(SpringApplication.java:1352)
	at com.itheima.TliasWebManagementApplication.main(TliasWebManagementApplication.java:11)
Caused by: org.apache.ibatis.builder.BuilderException: Wrong namespace. Expected 'com.itheima.mapper.EmpMapper' but found 'com.tlias.mapper.EmpMapper'.
	at org.apache.ibatis.builder.MapperBuilderAssistant.setCurrentNamespace(MapperBuilderAssistant.java:79)
	at com.baomidou.mybatisplus.core.MybatisXMLMapperBuilder.configurationElement(MybatisXMLMapperBuilder.java:121)
	... 53 common frames omitted
2026-05-27 20:12:23.204 [main] WARN  o.s.b.w.s.c.AnnotationConfigServletWebServerApplicationContext-Exception encountered during context initialization - cancelling refresh attempt: org.springframework.beans.factory.UnsatisfiedDependencyException: Error creating bean with name 'empController': Unsatisfied dependency expressed through field 'empService': Error creating bean with name 'empServiceImpl': Unsatisfied dependency expressed through field 'baseMapper': Error creating bean with name 'empMapper' defined in file [C:\shixun\Talis\target\classes\com\itheima\mapper\EmpMapper.class]: org.apache.ibatis.builder.BuilderException: Error parsing Mapper XML. The XML location is 'com/itheima/mapper/EmpMapper.xml'. Cause: org.apache.ibatis.builder.BuilderException: Wrong namespace. Expected 'com.itheima.mapper.EmpMapper' but found 'com.tlias.mapper.EmpMapper'.
2026-05-27 20:12:23.207 [main] INFO  org.apache.catalina.core.StandardService-Stopping service [Tomcat]
2026-05-27 20:12:23.215 [main] INFO  o.s.b.a.logging.ConditionEvaluationReportLogger-

Error starting ApplicationContext. To display the condition evaluation report re-run your application with 'debug' enabled.
2026-05-27 20:12:23.231 [main] ERROR org.springframework.boot.SpringApplication-Application run failed
org.springframework.beans.factory.UnsatisfiedDependencyException: Error creating bean with name 'empController': Unsatisfied dependency expressed through field 'empService': Error creating bean with name 'empServiceImpl': Unsatisfied dependency expressed through field 'baseMapper': Error creating bean with name 'empMapper' defined in file [C:\shixun\Talis\target\classes\com\itheima\mapper\EmpMapper.class]: org.apache.ibatis.builder.BuilderException: Error parsing Mapper XML. The XML location is 'com/itheima/mapper/EmpMapper.xml'. Cause: org.apache.ibatis.builder.BuilderException: Wrong namespace. Expected 'com.itheima.mapper.EmpMapper' but found 'com.tlias.mapper.EmpMapper'.
	at org.springframework.beans.factory.annotation.AutowiredAnnotationBeanPostProcessor$AutowiredFieldElement.resolveFieldValue(AutowiredAnnotationBeanPostProcessor.java:788)
	at org.springframework.beans.factory.annotation.AutowiredAnnotationBeanPostProcessor$AutowiredFieldElement.inject(AutowiredAnnotationBeanPostProcessor.java:768)
	at org.springframework.beans.factory.annotation.InjectionMetadata.inject(InjectionMetadata.java:145)
	at org.springframework.beans.factory.annotation.AutowiredAnnotationBeanPostProcessor.postProcessProperties(AutowiredAnnotationBeanPostProcessor.java:509)
	at org.springframework.beans.factory.support.AbstractAutowireCapableBeanFactory.populateBean(AbstractAutowireCapableBeanFactory.java:1439)
	at org.springframework.beans.factory.support.AbstractAutowireCapableBeanFactory.doCreateBean(AbstractAutowireCapableBeanFactory.java:599)
	at org.springframework.beans.factory.support.AbstractAutowireCapableBeanFactory.createBean(AbstractAutowireCapableBeanFactory.java:522)
	at org.springframework.beans.factory.support.AbstractBeanFactory.lambda$doGetBean$0(AbstractBeanFactory.java:337)
	at org.springframework.beans.factory.support.DefaultSingletonBeanRegistry.getSingleton(DefaultSingletonBeanRegistry.java:234)
	at org.springframework.beans.factory.support.AbstractBeanFactory.doGetBean(AbstractBeanFactory.java:335)
	at org.springframework.beans.factory.support.AbstractBeanFactory.getBean(AbstractBeanFactory.java:200)
	at org.springframework.beans.factory.support.DefaultListableBeanFactory.preInstantiateSingletons(DefaultListableBeanFactory.java:975)
	at org.springframework.context.support.AbstractApplicationContext.finishBeanFactoryInitialization(AbstractApplicationContext.java:971)
	at org.springframework.context.support.AbstractApplicationContext.refresh(AbstractApplicationContext.java:625)
	at org.springframework.boot.web.servlet.context.ServletWebServerApplicationContext.refresh(ServletWebServerApplicationContext.java:146)
	at org.springframework.boot.SpringApplication.refresh(SpringApplication.java:754)
	at org.springframework.boot.SpringApplication.refreshContext(SpringApplication.java:456)
	at org.springframework.boot.SpringApplication.run(SpringApplication.java:335)
	at org.springframework.boot.SpringApplication.run(SpringApplication.java:1363)
	at org.springframework.boot.SpringApplication.run(SpringApplication.java:1352)
	at com.itheima.TliasWebManagementApplication.main(TliasWebManagementApplication.java:11)
Caused by: org.springframework.beans.factory.UnsatisfiedDependencyException: Error creating bean with name 'empServiceImpl': Unsatisfied dependency expressed through field 'baseMapper': Error creating bean with name 'empMapper' defined in file [C:\shixun\Talis\target\classes\com\itheima\mapper\EmpMapper.class]: org.apache.ibatis.builder.BuilderException: Error parsing Mapper XML. The XML location is 'com/itheima/mapper/EmpMapper.xml'. Cause: org.apache.ibatis.builder.BuilderException: Wrong namespace. Expected 'com.itheima.mapper.EmpMapper' but found 'com.tlias.mapper.EmpMapper'.
	at org.springframework.beans.factory.annotation.AutowiredAnnotationBeanPostProcessor$AutowiredFieldElement.resolveFieldValue(AutowiredAnnotationBeanPostProcessor.java:788)
	at org.springframework.beans.factory.annotation.AutowiredAnnotationBeanPostProcessor$AutowiredFieldElement.inject(AutowiredAnnotationBeanPostProcessor.java:768)
	at org.springframework.beans.factory.annotation.InjectionMetadata.inject(InjectionMetadata.java:145)
	at org.springframework.beans.factory.annotation.AutowiredAnnotationBeanPostProcessor.postProcessProperties(AutowiredAnnotationBeanPostProcessor.java:509)
	at org.springframework.beans.factory.support.AbstractAutowireCapableBeanFactory.populateBean(AbstractAutowireCapableBeanFactory.java:1439)
	at org.springframework.beans.factory.support.AbstractAutowireCapableBeanFactory.doCreateBean(AbstractAutowireCapableBeanFactory.java:599)
	at org.springframework.beans.factory.support.AbstractAutowireCapableBeanFactory.createBean(AbstractAutowireCapableBeanFactory.java:522)
	at org.springframework.beans.factory.support.AbstractBeanFactory.lambda$doGetBean$0(AbstractBeanFactory.java:337)
	at org.springframework.beans.factory.support.DefaultSingletonBeanRegistry.getSingleton(DefaultSingletonBeanRegistry.java:234)
	at org.springframework.beans.factory.support.AbstractBeanFactory.doGetBean(AbstractBeanFactory.java:335)
	at org.springframework.beans.factory.support.AbstractBeanFactory.getBean(AbstractBeanFactory.java:200)
	at org.springframework.beans.factory.config.DependencyDescriptor.resolveCandidate(DependencyDescriptor.java:254)
	at org.springframework.beans.factory.support.DefaultListableBeanFactory.doResolveDependency(DefaultListableBeanFactory.java:1448)
	at org.springframework.beans.factory.support.DefaultListableBeanFactory.resolveDependency(DefaultListableBeanFactory.java:1358)
	at org.springframework.beans.factory.annotation.AutowiredAnnotationBeanPostProcessor$AutowiredFieldElement.resolveFieldValue(AutowiredAnnotationBeanPostProcessor.java:785)
	... 20 common frames omitted
Caused by: org.springframework.beans.factory.BeanCreationException: Error creating bean with name 'empMapper' defined in file [C:\shixun\Talis\target\classes\com\itheima\mapper\EmpMapper.class]: org.apache.ibatis.builder.BuilderException: Error parsing Mapper XML. The XML location is 'com/itheima/mapper/EmpMapper.xml'. Cause: org.apache.ibatis.builder.BuilderException: Wrong namespace. Expected 'com.itheima.mapper.EmpMapper' but found 'com.tlias.mapper.EmpMapper'.
	at org.springframework.beans.factory.support.AbstractAutowireCapableBeanFactory.initializeBean(AbstractAutowireCapableBeanFactory.java:1806)
	at org.springframework.beans.factory.support.AbstractAutowireCapableBeanFactory.doCreateBean(AbstractAutowireCapableBeanFactory.java:600)
	at org.springframework.beans.factory.support.AbstractAutowireCapableBeanFactory.createBean(AbstractAutowireCapableBeanFactory.java:522)
	at org.springframework.beans.factory.support.AbstractBeanFactory.lambda$doGetBean$0(AbstractBeanFactory.java:337)
	at org.springframework.beans.factory.support.DefaultSingletonBeanRegistry.getSingleton(DefaultSingletonBeanRegistry.java:234)
	at org.springframework.beans.factory.support.AbstractBeanFactory.doGetBean(AbstractBeanFactory.java:335)
	at org.springframework.beans.factory.support.AbstractBeanFactory.getBean(AbstractBeanFactory.java:200)
	at org.springframework.beans.factory.config.DependencyDescriptor.resolveCandidate(DependencyDescriptor.java:254)
	at org.springframework.beans.factory.support.DefaultListableBeanFactory.doResolveDependency(DefaultListableBeanFactory.java:1448)
	at org.springframework.beans.factory.support.DefaultListableBeanFactory.resolveDependency(DefaultListableBeanFactory.java:1358)
	at org.springframework.beans.factory.annotation.AutowiredAnnotationBeanPostProcessor$AutowiredFieldElement.resolveFieldValue(AutowiredAnnotationBeanPostProcessor.java:785)
	... 34 common frames omitted
Caused by: java.lang.IllegalArgumentException: org.apache.ibatis.builder.BuilderException: Error parsing Mapper XML. The XML location is 'com/itheima/mapper/EmpMapper.xml'. Cause: org.apache.ibatis.builder.BuilderException: Wrong namespace. Expected 'com.itheima.mapper.EmpMapper' but found 'com.tlias.mapper.EmpMapper'.
	at org.mybatis.spring.mapper.MapperFactoryBean.checkDaoConfig(MapperFactoryBean.java:79)
	at org.springframework.dao.support.DaoSupport.afterPropertiesSet(DaoSupport.java:44)
	at org.springframework.beans.factory.support.AbstractAutowireCapableBeanFactory.invokeInitMethods(AbstractAutowireCapableBeanFactory.java:1853)
	at org.springframework.beans.factory.support.AbstractAutowireCapableBeanFactory.initializeBean(AbstractAutowireCapableBeanFactory.java:1802)
	... 44 common frames omitted
Caused by: org.apache.ibatis.builder.BuilderException: Error parsing Mapper XML. The XML location is 'com/itheima/mapper/EmpMapper.xml'. Cause: org.apache.ibatis.builder.BuilderException: Wrong namespace. Expected 'com.itheima.mapper.EmpMapper' but found 'com.tlias.mapper.EmpMapper'.
	at com.baomidou.mybatisplus.core.MybatisXMLMapperBuilder.configurationElement(MybatisXMLMapperBuilder.java:129)
	at com.baomidou.mybatisplus.core.MybatisXMLMapperBuilder.parse(MybatisXMLMapperBuilder.java:102)
	at com.baomidou.mybatisplus.core.MybatisMapperAnnotationBuilder.loadXmlResource(MybatisMapperAnnotationBuilder.java:153)
	at com.baomidou.mybatisplus.core.MybatisMapperAnnotationBuilder.parse(MybatisMapperAnnotationBuilder.java:91)
	at com.baomidou.mybatisplus.core.MybatisMapperRegistry.addMapper(MybatisMapperRegistry.java:90)
	at com.baomidou.mybatisplus.core.MybatisConfiguration.addMapper(MybatisConfiguration.java:129)
	at org.mybatis.spring.mapper.MapperFactoryBean.checkDaoConfig(MapperFactoryBean.java:76)
	... 47 common frames omitted
Caused by: org.apache.ibatis.builder.BuilderException: Wrong namespace. Expected 'com.itheima.mapper.EmpMapper' but found 'com.tlias.mapper.EmpMapper'.
	at org.apache.ibatis.builder.MapperBuilderAssistant.setCurrentNamespace(MapperBuilderAssistant.java:79)
	at com.baomidou.mybatisplus.core.MybatisXMLMapperBuilder.configurationElement(MybatisXMLMapperBuilder.java:121)
	... 53 common frames omitted
2026-05-27 20:13:19.430 [main] INFO  com.itheima.TliasWebManagementApplication-Starting TliasWebManagementApplication using Java 17.0.13 with PID 20808 (C:\shixun\Talis\target\classes started by 徐坤 in C:\shixun\Talis)
2026-05-27 20:13:19.433 [main] INFO  com.itheima.TliasWebManagementApplication-No active profile set, falling back to 1 default profile: "default"
2026-05-27 20:13:20.490 [main] INFO  o.s.boot.web.embedded.tomcat.TomcatWebServer-Tomcat initialized with port 8080 (http)
2026-05-27 20:13:20.504 [main] INFO  org.apache.coyote.http11.Http11NioProtocol-Initializing ProtocolHandler ["http-nio-8080"]
2026-05-27 20:13:20.506 [main] INFO  org.apache.catalina.core.StandardService-Starting service [Tomcat]
2026-05-27 20:13:20.506 [main] INFO  org.apache.catalina.core.StandardEngine-Starting Servlet engine: [Apache Tomcat/10.1.39]
2026-05-27 20:13:20.566 [main] INFO  o.a.c.core.ContainerBase.[Tomcat].[localhost].[/]-Initializing Spring embedded WebApplicationContext
2026-05-27 20:13:20.567 [main] INFO  o.s.b.w.s.c.ServletWebServerApplicationContext-Root WebApplicationContext: initialization completed in 1083 ms
2026-05-27 20:13:21.192 [main] ERROR org.mybatis.spring.mapper.MapperFactoryBean-Error while adding the mapper 'interface com.itheima.mapper.EmpMapper' to configuration.
org.apache.ibatis.builder.BuilderException: Error parsing Mapper XML. The XML location is 'com/itheima/mapper/EmpMapper.xml'. Cause: org.apache.ibatis.builder.BuilderException: Error resolving class. Cause: org.apache.ibatis.type.TypeException: Could not resolve type alias 'com.tlias.common.param.EmpQueryParam'.  Cause: java.lang.ClassNotFoundException: Cannot find class: com.tlias.common.param.EmpQueryParam
	at com.baomidou.mybatisplus.core.MybatisXMLMapperBuilder.configurationElement(MybatisXMLMapperBuilder.java:129)
	at com.baomidou.mybatisplus.core.MybatisXMLMapperBuilder.parse(MybatisXMLMapperBuilder.java:102)
	at com.baomidou.mybatisplus.core.MybatisMapperAnnotationBuilder.loadXmlResource(MybatisMapperAnnotationBuilder.java:153)
	at com.baomidou.mybatisplus.core.MybatisMapperAnnotationBuilder.parse(MybatisMapperAnnotationBuilder.java:91)
	at com.baomidou.mybatisplus.core.MybatisMapperRegistry.addMapper(MybatisMapperRegistry.java:90)
	at com.baomidou.mybatisplus.core.MybatisConfiguration.addMapper(MybatisConfiguration.java:129)
	at org.mybatis.spring.mapper.MapperFactoryBean.checkDaoConfig(MapperFactoryBean.java:76)
	at org.springframework.dao.support.DaoSupport.afterPropertiesSet(DaoSupport.java:44)
	at org.springframework.beans.factory.support.AbstractAutowireCapableBeanFactory.invokeInitMethods(AbstractAutowireCapableBeanFactory.java:1853)
	at org.springframework.beans.factory.support.AbstractAutowireCapableBeanFactory.initializeBean(AbstractAutowireCapableBeanFactory.java:1802)
	at org.springframework.beans.factory.support.AbstractAutowireCapableBeanFactory.doCreateBean(AbstractAutowireCapableBeanFactory.java:600)
	at org.springframework.beans.factory.support.AbstractAutowireCapableBeanFactory.createBean(AbstractAutowireCapableBeanFactory.java:522)
	at org.springframework.beans.factory.support.AbstractBeanFactory.lambda$doGetBean$0(AbstractBeanFactory.java:337)
	at org.springframework.beans.factory.support.DefaultSingletonBeanRegistry.getSingleton(DefaultSingletonBeanRegistry.java:234)
	at org.springframework.beans.factory.support.AbstractBeanFactory.doGetBean(AbstractBeanFactory.java:335)
	at org.springframework.beans.factory.support.AbstractBeanFactory.getBean(AbstractBeanFactory.java:200)
	at org.springframework.beans.factory.config.DependencyDescriptor.resolveCandidate(DependencyDescriptor.java:254)
	at org.springframework.beans.factory.support.DefaultListableBeanFactory.doResolveDependency(DefaultListableBeanFactory.java:1448)
	at org.springframework.beans.factory.support.DefaultListableBeanFactory.resolveDependency(DefaultListableBeanFactory.java:1358)
	at org.springframework.beans.factory.annotation.AutowiredAnnotationBeanPostProcessor$AutowiredFieldElement.resolveFieldValue(AutowiredAnnotationBeanPostProcessor.java:785)
	at org.springframework.beans.factory.annotation.AutowiredAnnotationBeanPostProcessor$AutowiredFieldElement.inject(AutowiredAnnotationBeanPostProcessor.java:768)
	at org.springframework.beans.factory.annotation.InjectionMetadata.inject(InjectionMetadata.java:145)
	at org.springframework.beans.factory.annotation.AutowiredAnnotationBeanPostProcessor.postProcessProperties(AutowiredAnnotationBeanPostProcessor.java:509)
	at org.springframework.beans.factory.support.AbstractAutowireCapableBeanFactory.populateBean(AbstractAutowireCapableBeanFactory.java:1439)
	at org.springframework.beans.factory.support.AbstractAutowireCapableBeanFactory.doCreateBean(AbstractAutowireCapableBeanFactory.java:599)
	at org.springframework.beans.factory.support.AbstractAutowireCapableBeanFactory.createBean(AbstractAutowireCapableBeanFactory.java:522)
	at org.springframework.beans.factory.support.AbstractBeanFactory.lambda$doGetBean$0(AbstractBeanFactory.java:337)
	at org.springframework.beans.factory.support.DefaultSingletonBeanRegistry.getSingleton(DefaultSingletonBeanRegistry.java:234)
	at org.springframework.beans.factory.support.AbstractBeanFactory.doGetBean(AbstractBeanFactory.java:335)
	at org.springframework.beans.factory.support.AbstractBeanFactory.getBean(AbstractBeanFactory.java:200)
	at org.springframework.beans.factory.config.DependencyDescriptor.resolveCandidate(DependencyDescriptor.java:254)
	at org.springframework.beans.factory.support.DefaultListableBeanFactory.doResolveDependency(DefaultListableBeanFactory.java:1448)
	at org.springframework.beans.factory.support.DefaultListableBeanFactory.resolveDependency(DefaultListableBeanFactory.java:1358)
	at org.springframework.beans.factory.annotation.AutowiredAnnotationBeanPostProcessor$AutowiredFieldElement.resolveFieldValue(AutowiredAnnotationBeanPostProcessor.java:785)
	at org.springframework.beans.factory.annotation.AutowiredAnnotationBeanPostProcessor$AutowiredFieldElement.inject(AutowiredAnnotationBeanPostProcessor.java:768)
	at org.springframework.beans.factory.annotation.InjectionMetadata.inject(InjectionMetadata.java:145)
	at org.springframework.beans.factory.annotation.AutowiredAnnotationBeanPostProcessor.postProcessProperties(AutowiredAnnotationBeanPostProcessor.java:509)
	at org.springframework.beans.factory.support.AbstractAutowireCapableBeanFactory.populateBean(AbstractAutowireCapableBeanFactory.java:1439)
	at org.springframework.beans.factory.support.AbstractAutowireCapableBeanFactory.doCreateBean(AbstractAutowireCapableBeanFactory.java:599)
	at org.springframework.beans.factory.support.AbstractAutowireCapableBeanFactory.createBean(AbstractAutowireCapableBeanFactory.java:522)
	at org.springframework.beans.factory.support.AbstractBeanFactory.lambda$doGetBean$0(AbstractBeanFactory.java:337)
	at org.springframework.beans.factory.support.DefaultSingletonBeanRegistry.getSingleton(DefaultSingletonBeanRegistry.java:234)
	at org.springframework.beans.factory.support.AbstractBeanFactory.doGetBean(AbstractBeanFactory.java:335)
	at org.springframework.beans.factory.support.AbstractBeanFactory.getBean(AbstractBeanFactory.java:200)
	at org.springframework.beans.factory.support.DefaultListableBeanFactory.preInstantiateSingletons(DefaultListableBeanFactory.java:975)
	at org.springframework.context.support.AbstractApplicationContext.finishBeanFactoryInitialization(AbstractApplicationContext.java:971)
	at org.springframework.context.support.AbstractApplicationContext.refresh(AbstractApplicationContext.java:625)
	at org.springframework.boot.web.servlet.context.ServletWebServerApplicationContext.refresh(ServletWebServerApplicationContext.java:146)
	at org.springframework.boot.SpringApplication.refresh(SpringApplication.java:754)
	at org.springframework.boot.SpringApplication.refreshContext(SpringApplication.java:456)
	at org.springframework.boot.SpringApplication.run(SpringApplication.java:335)
	at org.springframework.boot.SpringApplication.run(SpringApplication.java:1363)
	at org.springframework.boot.SpringApplication.run(SpringApplication.java:1352)
	at com.itheima.TliasWebManagementApplication.main(TliasWebManagementApplication.java:11)
Caused by: org.apache.ibatis.builder.BuilderException: Error resolving class. Cause: org.apache.ibatis.type.TypeException: Could not resolve type alias 'com.tlias.common.param.EmpQueryParam'.  Cause: java.lang.ClassNotFoundException: Cannot find class: com.tlias.common.param.EmpQueryParam
	at org.apache.ibatis.builder.BaseBuilder.resolveClass(BaseBuilder.java:103)
	at org.apache.ibatis.builder.xml.XMLStatementBuilder.parseStatementNode(XMLStatementBuilder.java:78)
	at com.baomidou.mybatisplus.core.MybatisXMLMapperBuilder.buildStatementFromContext(MybatisXMLMapperBuilder.java:145)
	at com.baomidou.mybatisplus.core.MybatisXMLMapperBuilder.buildStatementFromContext(MybatisXMLMapperBuilder.java:137)
	at com.baomidou.mybatisplus.core.MybatisXMLMapperBuilder.configurationElement(MybatisXMLMapperBuilder.java:127)
	... 53 common frames omitted
Caused by: org.apache.ibatis.type.TypeException: Could not resolve type alias 'com.tlias.common.param.EmpQueryParam'.  Cause: java.lang.ClassNotFoundException: Cannot find class: com.tlias.common.param.EmpQueryParam
	at org.apache.ibatis.type.TypeAliasRegistry.resolveAlias(TypeAliasRegistry.java:128)
	at org.apache.ibatis.builder.BaseBuilder.resolveAlias(BaseBuilder.java:132)
	at org.apache.ibatis.builder.BaseBuilder.resolveClass(BaseBuilder.java:101)
	... 57 common frames omitted
Caused by: java.lang.ClassNotFoundException: Cannot find class: com.tlias.common.param.EmpQueryParam
	at org.apache.ibatis.io.ClassLoaderWrapper.classForName(ClassLoaderWrapper.java:226)
	at org.apache.ibatis.io.ClassLoaderWrapper.classForName(ClassLoaderWrapper.java:103)
	at org.apache.ibatis.io.Resources.classForName(Resources.java:322)
	at org.apache.ibatis.type.TypeAliasRegistry.resolveAlias(TypeAliasRegistry.java:124)
	... 59 common frames omitted
2026-05-27 20:13:21.195 [main] WARN  o.s.b.w.s.c.AnnotationConfigServletWebServerApplicationContext-Exception encountered during context initialization - cancelling refresh attempt: org.springframework.beans.factory.UnsatisfiedDependencyException: Error creating bean with name 'empController': Unsatisfied dependency expressed through field 'empService': Error creating bean with name 'empServiceImpl': Unsatisfied dependency expressed through field 'baseMapper': Error creating bean with name 'empMapper' defined in file [C:\shixun\Talis\target\classes\com\itheima\mapper\EmpMapper.class]: org.apache.ibatis.builder.BuilderException: Error parsing Mapper XML. The XML location is 'com/itheima/mapper/EmpMapper.xml'. Cause: org.apache.ibatis.builder.BuilderException: Error resolving class. Cause: org.apache.ibatis.type.TypeException: Could not resolve type alias 'com.tlias.common.param.EmpQueryParam'.  Cause: java.lang.ClassNotFoundException: Cannot find class: com.tlias.common.param.EmpQueryParam
2026-05-27 20:13:21.198 [main] INFO  org.apache.catalina.core.StandardService-Stopping service [Tomcat]
2026-05-27 20:13:21.208 [main] INFO  o.s.b.a.logging.ConditionEvaluationReportLogger-

Error starting ApplicationContext. To display the condition evaluation report re-run your application with 'debug' enabled.
2026-05-27 20:13:21.223 [main] ERROR org.springframework.boot.SpringApplication-Application run failed
org.springframework.beans.factory.UnsatisfiedDependencyException: Error creating bean with name 'empController': Unsatisfied dependency expressed through field 'empService': Error creating bean with name 'empServiceImpl': Unsatisfied dependency expressed through field 'baseMapper': Error creating bean with name 'empMapper' defined in file [C:\shixun\Talis\target\classes\com\itheima\mapper\EmpMapper.class]: org.apache.ibatis.builder.BuilderException: Error parsing Mapper XML. The XML location is 'com/itheima/mapper/EmpMapper.xml'. Cause: org.apache.ibatis.builder.BuilderException: Error resolving class. Cause: org.apache.ibatis.type.TypeException: Could not resolve type alias 'com.tlias.common.param.EmpQueryParam'.  Cause: java.lang.ClassNotFoundException: Cannot find class: com.tlias.common.param.EmpQueryParam
	at org.springframework.beans.factory.annotation.AutowiredAnnotationBeanPostProcessor$AutowiredFieldElement.resolveFieldValue(AutowiredAnnotationBeanPostProcessor.java:788)
	at org.springframework.beans.factory.annotation.AutowiredAnnotationBeanPostProcessor$AutowiredFieldElement.inject(AutowiredAnnotationBeanPostProcessor.java:768)
	at org.springframework.beans.factory.annotation.InjectionMetadata.inject(InjectionMetadata.java:145)
	at org.springframework.beans.factory.annotation.AutowiredAnnotationBeanPostProcessor.postProcessProperties(AutowiredAnnotationBeanPostProcessor.java:509)
	at org.springframework.beans.factory.support.AbstractAutowireCapableBeanFactory.populateBean(AbstractAutowireCapableBeanFactory.java:1439)
	at org.springframework.beans.factory.support.AbstractAutowireCapableBeanFactory.doCreateBean(AbstractAutowireCapableBeanFactory.java:599)
	at org.springframework.beans.factory.support.AbstractAutowireCapableBeanFactory.createBean(AbstractAutowireCapableBeanFactory.java:522)
	at org.springframework.beans.factory.support.AbstractBeanFactory.lambda$doGetBean$0(AbstractBeanFactory.java:337)
	at org.springframework.beans.factory.support.DefaultSingletonBeanRegistry.getSingleton(DefaultSingletonBeanRegistry.java:234)
	at org.springframework.beans.factory.support.AbstractBeanFactory.doGetBean(AbstractBeanFactory.java:335)
	at org.springframework.beans.factory.support.AbstractBeanFactory.getBean(AbstractBeanFactory.java:200)
	at org.springframework.beans.factory.support.DefaultListableBeanFactory.preInstantiateSingletons(DefaultListableBeanFactory.java:975)
	at org.springframework.context.support.AbstractApplicationContext.finishBeanFactoryInitialization(AbstractApplicationContext.java:971)
	at org.springframework.context.support.AbstractApplicationContext.refresh(AbstractApplicationContext.java:625)
	at org.springframework.boot.web.servlet.context.ServletWebServerApplicationContext.refresh(ServletWebServerApplicationContext.java:146)
	at org.springframework.boot.SpringApplication.refresh(SpringApplication.java:754)
	at org.springframework.boot.SpringApplication.refreshContext(SpringApplication.java:456)
	at org.springframework.boot.SpringApplication.run(SpringApplication.java:335)
	at org.springframework.boot.SpringApplication.run(SpringApplication.java:1363)
	at org.springframework.boot.SpringApplication.run(SpringApplication.java:1352)
	at com.itheima.TliasWebManagementApplication.main(TliasWebManagementApplication.java:11)
Caused by: org.springframework.beans.factory.UnsatisfiedDependencyException: Error creating bean with name 'empServiceImpl': Unsatisfied dependency expressed through field 'baseMapper': Error creating bean with name 'empMapper' defined in file [C:\shixun\Talis\target\classes\com\itheima\mapper\EmpMapper.class]: org.apache.ibatis.builder.BuilderException: Error parsing Mapper XML. The XML location is 'com/itheima/mapper/EmpMapper.xml'. Cause: org.apache.ibatis.builder.BuilderException: Error resolving class. Cause: org.apache.ibatis.type.TypeException: Could not resolve type alias 'com.tlias.common.param.EmpQueryParam'.  Cause: java.lang.ClassNotFoundException: Cannot find class: com.tlias.common.param.EmpQueryParam
	at org.springframework.beans.factory.annotation.AutowiredAnnotationBeanPostProcessor$AutowiredFieldElement.resolveFieldValue(AutowiredAnnotationBeanPostProcessor.java:788)
	at org.springframework.beans.factory.annotation.AutowiredAnnotationBeanPostProcessor$AutowiredFieldElement.inject(AutowiredAnnotationBeanPostProcessor.java:768)
	at org.springframework.beans.factory.annotation.InjectionMetadata.inject(InjectionMetadata.java:145)
	at org.springframework.beans.factory.annotation.AutowiredAnnotationBeanPostProcessor.postProcessProperties(AutowiredAnnotationBeanPostProcessor.java:509)
	at org.springframework.beans.factory.support.AbstractAutowireCapableBeanFactory.populateBean(AbstractAutowireCapableBeanFactory.java:1439)
	at org.springframework.beans.factory.support.AbstractAutowireCapableBeanFactory.doCreateBean(AbstractAutowireCapableBeanFactory.java:599)
	at org.springframework.beans.factory.support.AbstractAutowireCapableBeanFactory.createBean(AbstractAutowireCapableBeanFactory.java:522)
	at org.springframework.beans.factory.support.AbstractBeanFactory.lambda$doGetBean$0(AbstractBeanFactory.java:337)
	at org.springframework.beans.factory.support.DefaultSingletonBeanRegistry.getSingleton(DefaultSingletonBeanRegistry.java:234)
	at org.springframework.beans.factory.support.AbstractBeanFactory.doGetBean(AbstractBeanFactory.java:335)
	at org.springframework.beans.factory.support.AbstractBeanFactory.getBean(AbstractBeanFactory.java:200)
	at org.springframework.beans.factory.config.DependencyDescriptor.resolveCandidate(DependencyDescriptor.java:254)
	at org.springframework.beans.factory.support.DefaultListableBeanFactory.doResolveDependency(DefaultListableBeanFactory.java:1448)
	at org.springframework.beans.factory.support.DefaultListableBeanFactory.resolveDependency(DefaultListableBeanFactory.java:1358)
	at org.springframework.beans.factory.annotation.AutowiredAnnotationBeanPostProcessor$AutowiredFieldElement.resolveFieldValue(AutowiredAnnotationBeanPostProcessor.java:785)
	... 20 common frames omitted
Caused by: org.springframework.beans.factory.BeanCreationException: Error creating bean with name 'empMapper' defined in file [C:\shixun\Talis\target\classes\com\itheima\mapper\EmpMapper.class]: org.apache.ibatis.builder.BuilderException: Error parsing Mapper XML. The XML location is 'com/itheima/mapper/EmpMapper.xml'. Cause: org.apache.ibatis.builder.BuilderException: Error resolving class. Cause: org.apache.ibatis.type.TypeException: Could not resolve type alias 'com.tlias.common.param.EmpQueryParam'.  Cause: java.lang.ClassNotFoundException: Cannot find class: com.tlias.common.param.EmpQueryParam
	at org.springframework.beans.factory.support.AbstractAutowireCapableBeanFactory.initializeBean(AbstractAutowireCapableBeanFactory.java:1806)
	at org.springframework.beans.factory.support.AbstractAutowireCapableBeanFactory.doCreateBean(AbstractAutowireCapableBeanFactory.java:600)
	at org.springframework.beans.factory.support.AbstractAutowireCapableBeanFactory.createBean(AbstractAutowireCapableBeanFactory.java:522)
	at org.springframework.beans.factory.support.AbstractBeanFactory.lambda$doGetBean$0(AbstractBeanFactory.java:337)
	at org.springframework.beans.factory.support.DefaultSingletonBeanRegistry.getSingleton(DefaultSingletonBeanRegistry.java:234)
	at org.springframework.beans.factory.support.AbstractBeanFactory.doGetBean(AbstractBeanFactory.java:335)
	at org.springframework.beans.factory.support.AbstractBeanFactory.getBean(AbstractBeanFactory.java:200)
	at org.springframework.beans.factory.config.DependencyDescriptor.resolveCandidate(DependencyDescriptor.java:254)
	at org.springframework.beans.factory.support.DefaultListableBeanFactory.doResolveDependency(DefaultListableBeanFactory.java:1448)
	at org.springframework.beans.factory.support.DefaultListableBeanFactory.resolveDependency(DefaultListableBeanFactory.java:1358)
	at org.springframework.beans.factory.annotation.AutowiredAnnotationBeanPostProcessor$AutowiredFieldElement.resolveFieldValue(AutowiredAnnotationBeanPostProcessor.java:785)
	... 34 common frames omitted
Caused by: java.lang.IllegalArgumentException: org.apache.ibatis.builder.BuilderException: Error parsing Mapper XML. The XML location is 'com/itheima/mapper/EmpMapper.xml'. Cause: org.apache.ibatis.builder.BuilderException: Error resolving class. Cause: org.apache.ibatis.type.TypeException: Could not resolve type alias 'com.tlias.common.param.EmpQueryParam'.  Cause: java.lang.ClassNotFoundException: Cannot find class: com.tlias.common.param.EmpQueryParam
	at org.mybatis.spring.mapper.MapperFactoryBean.checkDaoConfig(MapperFactoryBean.java:79)
	at org.springframework.dao.support.DaoSupport.afterPropertiesSet(DaoSupport.java:44)
	at org.springframework.beans.factory.support.AbstractAutowireCapableBeanFactory.invokeInitMethods(AbstractAutowireCapableBeanFactory.java:1853)
	at org.springframework.beans.factory.support.AbstractAutowireCapableBeanFactory.initializeBean(AbstractAutowireCapableBeanFactory.java:1802)
	... 44 common frames omitted
Caused by: org.apache.ibatis.builder.BuilderException: Error parsing Mapper XML. The XML location is 'com/itheima/mapper/EmpMapper.xml'. Cause: org.apache.ibatis.builder.BuilderException: Error resolving class. Cause: org.apache.ibatis.type.TypeException: Could not resolve type alias 'com.tlias.common.param.EmpQueryParam'.  Cause: java.lang.ClassNotFoundException: Cannot find class: com.tlias.common.param.EmpQueryParam
	at com.baomidou.mybatisplus.core.MybatisXMLMapperBuilder.configurationElement(MybatisXMLMapperBuilder.java:129)
	at com.baomidou.mybatisplus.core.MybatisXMLMapperBuilder.parse(MybatisXMLMapperBuilder.java:102)
	at com.baomidou.mybatisplus.core.MybatisMapperAnnotationBuilder.loadXmlResource(MybatisMapperAnnotationBuilder.java:153)
	at com.baomidou.mybatisplus.core.MybatisMapperAnnotationBuilder.parse(MybatisMapperAnnotationBuilder.java:91)
	at com.baomidou.mybatisplus.core.MybatisMapperRegistry.addMapper(MybatisMapperRegistry.java:90)
	at com.baomidou.mybatisplus.core.MybatisConfiguration.addMapper(MybatisConfiguration.java:129)
	at org.mybatis.spring.mapper.MapperFactoryBean.checkDaoConfig(MapperFactoryBean.java:76)
	... 47 common frames omitted
Caused by: org.apache.ibatis.builder.BuilderException: Error resolving class. Cause: org.apache.ibatis.type.TypeException: Could not resolve type alias 'com.tlias.common.param.EmpQueryParam'.  Cause: java.lang.ClassNotFoundException: Cannot find class: com.tlias.common.param.EmpQueryParam
	at org.apache.ibatis.builder.BaseBuilder.resolveClass(BaseBuilder.java:103)
	at org.apache.ibatis.builder.xml.XMLStatementBuilder.parseStatementNode(XMLStatementBuilder.java:78)
	at com.baomidou.mybatisplus.core.MybatisXMLMapperBuilder.buildStatementFromContext(MybatisXMLMapperBuilder.java:145)
	at com.baomidou.mybatisplus.core.MybatisXMLMapperBuilder.buildStatementFromContext(MybatisXMLMapperBuilder.java:137)
	at com.baomidou.mybatisplus.core.MybatisXMLMapperBuilder.configurationElement(MybatisXMLMapperBuilder.java:127)
	... 53 common frames omitted
Caused by: org.apache.ibatis.type.TypeException: Could not resolve type alias 'com.tlias.common.param.EmpQueryParam'.  Cause: java.lang.ClassNotFoundException: Cannot find class: com.tlias.common.param.EmpQueryParam
	at org.apache.ibatis.type.TypeAliasRegistry.resolveAlias(TypeAliasRegistry.java:128)
	at org.apache.ibatis.builder.BaseBuilder.resolveAlias(BaseBuilder.java:132)
	at org.apache.ibatis.builder.BaseBuilder.resolveClass(BaseBuilder.java:101)
	... 57 common frames omitted
Caused by: java.lang.ClassNotFoundException: Cannot find class: com.tlias.common.param.EmpQueryParam
	at org.apache.ibatis.io.ClassLoaderWrapper.classForName(ClassLoaderWrapper.java:226)
	at org.apache.ibatis.io.ClassLoaderWrapper.classForName(ClassLoaderWrapper.java:103)
	at org.apache.ibatis.io.Resources.classForName(Resources.java:322)
	at org.apache.ibatis.type.TypeAliasRegistry.resolveAlias(TypeAliasRegistry.java:124)
	... 59 common frames omitted
2026-05-27 20:13:55.981 [main] INFO  com.itheima.TliasWebManagementApplication-Starting TliasWebManagementApplication using Java 17.0.13 with PID 18344 (C:\shixun\Talis\target\classes started by 徐坤 in C:\shixun\Talis)
2026-05-27 20:13:55.984 [main] INFO  com.itheima.TliasWebManagementApplication-No active profile set, falling back to 1 default profile: "default"
2026-05-27 20:13:56.872 [main] INFO  o.s.boot.web.embedded.tomcat.TomcatWebServer-Tomcat initialized with port 8080 (http)
2026-05-27 20:13:56.882 [main] INFO  org.apache.coyote.http11.Http11NioProtocol-Initializing ProtocolHandler ["http-nio-8080"]
2026-05-27 20:13:56.883 [main] INFO  org.apache.catalina.core.StandardService-Starting service [Tomcat]
2026-05-27 20:13:56.883 [main] INFO  org.apache.catalina.core.StandardEngine-Starting Servlet engine: [Apache Tomcat/10.1.39]
2026-05-27 20:13:56.927 [main] INFO  o.a.c.core.ContainerBase.[Tomcat].[localhost].[/]-Initializing Spring embedded WebApplicationContext
2026-05-27 20:13:56.927 [main] INFO  o.s.b.w.s.c.ServletWebServerApplicationContext-Root WebApplicationContext: initialization completed in 895 ms
2026-05-27 20:13:57.482 [main] ERROR org.mybatis.spring.mapper.MapperFactoryBean-Error while adding the mapper 'interface com.itheima.mapper.EmpMapper' to configuration.
org.apache.ibatis.builder.BuilderException: Error parsing Mapper XML. The XML location is 'com/itheima/mapper/EmpMapper.xml'. Cause: org.apache.ibatis.builder.BuilderException: Error resolving class. Cause: org.apache.ibatis.type.TypeException: Could not resolve type alias 'com.itheima.common.param.EmpQueryParam'.  Cause: java.lang.ClassNotFoundException: Cannot find class: com.itheima.common.param.EmpQueryParam
	at com.baomidou.mybatisplus.core.MybatisXMLMapperBuilder.configurationElement(MybatisXMLMapperBuilder.java:129)
	at com.baomidou.mybatisplus.core.MybatisXMLMapperBuilder.parse(MybatisXMLMapperBuilder.java:102)
	at com.baomidou.mybatisplus.core.MybatisMapperAnnotationBuilder.loadXmlResource(MybatisMapperAnnotationBuilder.java:153)
	at com.baomidou.mybatisplus.core.MybatisMapperAnnotationBuilder.parse(MybatisMapperAnnotationBuilder.java:91)
	at com.baomidou.mybatisplus.core.MybatisMapperRegistry.addMapper(MybatisMapperRegistry.java:90)
	at com.baomidou.mybatisplus.core.MybatisConfiguration.addMapper(MybatisConfiguration.java:129)
	at org.mybatis.spring.mapper.MapperFactoryBean.checkDaoConfig(MapperFactoryBean.java:76)
	at org.springframework.dao.support.DaoSupport.afterPropertiesSet(DaoSupport.java:44)
	at org.springframework.beans.factory.support.AbstractAutowireCapableBeanFactory.invokeInitMethods(AbstractAutowireCapableBeanFactory.java:1853)
	at org.springframework.beans.factory.support.AbstractAutowireCapableBeanFactory.initializeBean(AbstractAutowireCapableBeanFactory.java:1802)
	at org.springframework.beans.factory.support.AbstractAutowireCapableBeanFactory.doCreateBean(AbstractAutowireCapableBeanFactory.java:600)
	at org.springframework.beans.factory.support.AbstractAutowireCapableBeanFactory.createBean(AbstractAutowireCapableBeanFactory.java:522)
	at org.springframework.beans.factory.support.AbstractBeanFactory.lambda$doGetBean$0(AbstractBeanFactory.java:337)
	at org.springframework.beans.factory.support.DefaultSingletonBeanRegistry.getSingleton(DefaultSingletonBeanRegistry.java:234)
	at org.springframework.beans.factory.support.AbstractBeanFactory.doGetBean(AbstractBeanFactory.java:335)
	at org.springframework.beans.factory.support.AbstractBeanFactory.getBean(AbstractBeanFactory.java:200)
	at org.springframework.beans.factory.config.DependencyDescriptor.resolveCandidate(DependencyDescriptor.java:254)
	at org.springframework.beans.factory.support.DefaultListableBeanFactory.doResolveDependency(DefaultListableBeanFactory.java:1448)
	at org.springframework.beans.factory.support.DefaultListableBeanFactory.resolveDependency(DefaultListableBeanFactory.java:1358)
	at org.springframework.beans.factory.annotation.AutowiredAnnotationBeanPostProcessor$AutowiredFieldElement.resolveFieldValue(AutowiredAnnotationBeanPostProcessor.java:785)
	at org.springframework.beans.factory.annotation.AutowiredAnnotationBeanPostProcessor$AutowiredFieldElement.inject(AutowiredAnnotationBeanPostProcessor.java:768)
	at org.springframework.beans.factory.annotation.InjectionMetadata.inject(InjectionMetadata.java:145)
	at org.springframework.beans.factory.annotation.AutowiredAnnotationBeanPostProcessor.postProcessProperties(AutowiredAnnotationBeanPostProcessor.java:509)
	at org.springframework.beans.factory.support.AbstractAutowireCapableBeanFactory.populateBean(AbstractAutowireCapableBeanFactory.java:1439)
	at org.springframework.beans.factory.support.AbstractAutowireCapableBeanFactory.doCreateBean(AbstractAutowireCapableBeanFactory.java:599)
	at org.springframework.beans.factory.support.AbstractAutowireCapableBeanFactory.createBean(AbstractAutowireCapableBeanFactory.java:522)
	at org.springframework.beans.factory.support.AbstractBeanFactory.lambda$doGetBean$0(AbstractBeanFactory.java:337)
	at org.springframework.beans.factory.support.DefaultSingletonBeanRegistry.getSingleton(DefaultSingletonBeanRegistry.java:234)
	at org.springframework.beans.factory.support.AbstractBeanFactory.doGetBean(AbstractBeanFactory.java:335)
	at org.springframework.beans.factory.support.AbstractBeanFactory.getBean(AbstractBeanFactory.java:200)
	at org.springframework.beans.factory.config.DependencyDescriptor.resolveCandidate(DependencyDescriptor.java:254)
	at org.springframework.beans.factory.support.DefaultListableBeanFactory.doResolveDependency(DefaultListableBeanFactory.java:1448)
	at org.springframework.beans.factory.support.DefaultListableBeanFactory.resolveDependency(DefaultListableBeanFactory.java:1358)
	at org.springframework.beans.factory.annotation.AutowiredAnnotationBeanPostProcessor$AutowiredFieldElement.resolveFieldValue(AutowiredAnnotationBeanPostProcessor.java:785)
	at org.springframework.beans.factory.annotation.AutowiredAnnotationBeanPostProcessor$AutowiredFieldElement.inject(AutowiredAnnotationBeanPostProcessor.java:768)
	at org.springframework.beans.factory.annotation.InjectionMetadata.inject(InjectionMetadata.java:145)
	at org.springframework.beans.factory.annotation.AutowiredAnnotationBeanPostProcessor.postProcessProperties(AutowiredAnnotationBeanPostProcessor.java:509)
	at org.springframework.beans.factory.support.AbstractAutowireCapableBeanFactory.populateBean(AbstractAutowireCapableBeanFactory.java:1439)
	at org.springframework.beans.factory.support.AbstractAutowireCapableBeanFactory.doCreateBean(AbstractAutowireCapableBeanFactory.java:599)
	at org.springframework.beans.factory.support.AbstractAutowireCapableBeanFactory.createBean(AbstractAutowireCapableBeanFactory.java:522)
	at org.springframework.beans.factory.support.AbstractBeanFactory.lambda$doGetBean$0(AbstractBeanFactory.java:337)
	at org.springframework.beans.factory.support.DefaultSingletonBeanRegistry.getSingleton(DefaultSingletonBeanRegistry.java:234)
	at org.springframework.beans.factory.support.AbstractBeanFactory.doGetBean(AbstractBeanFactory.java:335)
	at org.springframework.beans.factory.support.AbstractBeanFactory.getBean(AbstractBeanFactory.java:200)
	at org.springframework.beans.factory.support.DefaultListableBeanFactory.preInstantiateSingletons(DefaultListableBeanFactory.java:975)
	at org.springframework.context.support.AbstractApplicationContext.finishBeanFactoryInitialization(AbstractApplicationContext.java:971)
	at org.springframework.context.support.AbstractApplicationContext.refresh(AbstractApplicationContext.java:625)
	at org.springframework.boot.web.servlet.context.ServletWebServerApplicationContext.refresh(ServletWebServerApplicationContext.java:146)
	at org.springframework.boot.SpringApplication.refresh(SpringApplication.java:754)
	at org.springframework.boot.SpringApplication.refreshContext(SpringApplication.java:456)
	at org.springframework.boot.SpringApplication.run(SpringApplication.java:335)
	at org.springframework.boot.SpringApplication.run(SpringApplication.java:1363)
	at org.springframework.boot.SpringApplication.run(SpringApplication.java:1352)
	at com.itheima.TliasWebManagementApplication.main(TliasWebManagementApplication.java:11)
Caused by: org.apache.ibatis.builder.BuilderException: Error resolving class. Cause: org.apache.ibatis.type.TypeException: Could not resolve type alias 'com.itheima.common.param.EmpQueryParam'.  Cause: java.lang.ClassNotFoundException: Cannot find class: com.itheima.common.param.EmpQueryParam
	at org.apache.ibatis.builder.BaseBuilder.resolveClass(BaseBuilder.java:103)
	at org.apache.ibatis.builder.xml.XMLStatementBuilder.parseStatementNode(XMLStatementBuilder.java:78)
	at com.baomidou.mybatisplus.core.MybatisXMLMapperBuilder.buildStatementFromContext(MybatisXMLMapperBuilder.java:145)
	at com.baomidou.mybatisplus.core.MybatisXMLMapperBuilder.buildStatementFromContext(MybatisXMLMapperBuilder.java:137)
	at com.baomidou.mybatisplus.core.MybatisXMLMapperBuilder.configurationElement(MybatisXMLMapperBuilder.java:127)
	... 53 common frames omitted
Caused by: org.apache.ibatis.type.TypeException: Could not resolve type alias 'com.itheima.common.param.EmpQueryParam'.  Cause: java.lang.ClassNotFoundException: Cannot find class: com.itheima.common.param.EmpQueryParam
	at org.apache.ibatis.type.TypeAliasRegistry.resolveAlias(TypeAliasRegistry.java:128)
	at org.apache.ibatis.builder.BaseBuilder.resolveAlias(BaseBuilder.java:132)
	at org.apache.ibatis.builder.BaseBuilder.resolveClass(BaseBuilder.java:101)
	... 57 common frames omitted
Caused by: java.lang.ClassNotFoundException: Cannot find class: com.itheima.common.param.EmpQueryParam
	at org.apache.ibatis.io.ClassLoaderWrapper.classForName(ClassLoaderWrapper.java:226)
	at org.apache.ibatis.io.ClassLoaderWrapper.classForName(ClassLoaderWrapper.java:103)
	at org.apache.ibatis.io.Resources.classForName(Resources.java:322)
	at org.apache.ibatis.type.TypeAliasRegistry.resolveAlias(TypeAliasRegistry.java:124)
	... 59 common frames omitted
2026-05-27 20:13:57.485 [main] WARN  o.s.b.w.s.c.AnnotationConfigServletWebServerApplicationContext-Exception encountered during context initialization - cancelling refresh attempt: org.springframework.beans.factory.UnsatisfiedDependencyException: Error creating bean with name 'empController': Unsatisfied dependency expressed through field 'empService': Error creating bean with name 'empServiceImpl': Unsatisfied dependency expressed through field 'baseMapper': Error creating bean with name 'empMapper' defined in file [C:\shixun\Talis\target\classes\com\itheima\mapper\EmpMapper.class]: org.apache.ibatis.builder.BuilderException: Error parsing Mapper XML. The XML location is 'com/itheima/mapper/EmpMapper.xml'. Cause: org.apache.ibatis.builder.BuilderException: Error resolving class. Cause: org.apache.ibatis.type.TypeException: Could not resolve type alias 'com.itheima.common.param.EmpQueryParam'.  Cause: java.lang.ClassNotFoundException: Cannot find class: com.itheima.common.param.EmpQueryParam
2026-05-27 20:13:57.487 [main] INFO  org.apache.catalina.core.StandardService-Stopping service [Tomcat]
2026-05-27 20:13:57.497 [main] INFO  o.s.b.a.logging.ConditionEvaluationReportLogger-

Error starting ApplicationContext. To display the condition evaluation report re-run your application with 'debug' enabled.
2026-05-27 20:13:57.511 [main] ERROR org.springframework.boot.SpringApplication-Application run failed
org.springframework.beans.factory.UnsatisfiedDependencyException: Error creating bean with name 'empController': Unsatisfied dependency expressed through field 'empService': Error creating bean with name 'empServiceImpl': Unsatisfied dependency expressed through field 'baseMapper': Error creating bean with name 'empMapper' defined in file [C:\shixun\Talis\target\classes\com\itheima\mapper\EmpMapper.class]: org.apache.ibatis.builder.BuilderException: Error parsing Mapper XML. The XML location is 'com/itheima/mapper/EmpMapper.xml'. Cause: org.apache.ibatis.builder.BuilderException: Error resolving class. Cause: org.apache.ibatis.type.TypeException: Could not resolve type alias 'com.itheima.common.param.EmpQueryParam'.  Cause: java.lang.ClassNotFoundException: Cannot find class: com.itheima.common.param.EmpQueryParam
	at org.springframework.beans.factory.annotation.AutowiredAnnotationBeanPostProcessor$AutowiredFieldElement.resolveFieldValue(AutowiredAnnotationBeanPostProcessor.java:788)
	at org.springframework.beans.factory.annotation.AutowiredAnnotationBeanPostProcessor$AutowiredFieldElement.inject(AutowiredAnnotationBeanPostProcessor.java:768)
	at org.springframework.beans.factory.annotation.InjectionMetadata.inject(InjectionMetadata.java:145)
	at org.springframework.beans.factory.annotation.AutowiredAnnotationBeanPostProcessor.postProcessProperties(AutowiredAnnotationBeanPostProcessor.java:509)
	at org.springframework.beans.factory.support.AbstractAutowireCapableBeanFactory.populateBean(AbstractAutowireCapableBeanFactory.java:1439)
	at org.springframework.beans.factory.support.AbstractAutowireCapableBeanFactory.doCreateBean(AbstractAutowireCapableBeanFactory.java:599)
	at org.springframework.beans.factory.support.AbstractAutowireCapableBeanFactory.createBean(AbstractAutowireCapableBeanFactory.java:522)
	at org.springframework.beans.factory.support.AbstractBeanFactory.lambda$doGetBean$0(AbstractBeanFactory.java:337)
	at org.springframework.beans.factory.support.DefaultSingletonBeanRegistry.getSingleton(DefaultSingletonBeanRegistry.java:234)
	at org.springframework.beans.factory.support.AbstractBeanFactory.doGetBean(AbstractBeanFactory.java:335)
	at org.springframework.beans.factory.support.AbstractBeanFactory.getBean(AbstractBeanFactory.java:200)
	at org.springframework.beans.factory.support.DefaultListableBeanFactory.preInstantiateSingletons(DefaultListableBeanFactory.java:975)
	at org.springframework.context.support.AbstractApplicationContext.finishBeanFactoryInitialization(AbstractApplicationContext.java:971)
	at org.springframework.context.support.AbstractApplicationContext.refresh(AbstractApplicationContext.java:625)
	at org.springframework.boot.web.servlet.context.ServletWebServerApplicationContext.refresh(ServletWebServerApplicationContext.java:146)
	at org.springframework.boot.SpringApplication.refresh(SpringApplication.java:754)
	at org.springframework.boot.SpringApplication.refreshContext(SpringApplication.java:456)
	at org.springframework.boot.SpringApplication.run(SpringApplication.java:335)
	at org.springframework.boot.SpringApplication.run(SpringApplication.java:1363)
	at org.springframework.boot.SpringApplication.run(SpringApplication.java:1352)
	at com.itheima.TliasWebManagementApplication.main(TliasWebManagementApplication.java:11)
Caused by: org.springframework.beans.factory.UnsatisfiedDependencyException: Error creating bean with name 'empServiceImpl': Unsatisfied dependency expressed through field 'baseMapper': Error creating bean with name 'empMapper' defined in file [C:\shixun\Talis\target\classes\com\itheima\mapper\EmpMapper.class]: org.apache.ibatis.builder.BuilderException: Error parsing Mapper XML. The XML location is 'com/itheima/mapper/EmpMapper.xml'. Cause: org.apache.ibatis.builder.BuilderException: Error resolving class. Cause: org.apache.ibatis.type.TypeException: Could not resolve type alias 'com.itheima.common.param.EmpQueryParam'.  Cause: java.lang.ClassNotFoundException: Cannot find class: com.itheima.common.param.EmpQueryParam
	at org.springframework.beans.factory.annotation.AutowiredAnnotationBeanPostProcessor$AutowiredFieldElement.resolveFieldValue(AutowiredAnnotationBeanPostProcessor.java:788)
	at org.springframework.beans.factory.annotation.AutowiredAnnotationBeanPostProcessor$AutowiredFieldElement.inject(AutowiredAnnotationBeanPostProcessor.java:768)
	at org.springframework.beans.factory.annotation.InjectionMetadata.inject(InjectionMetadata.java:145)
	at org.springframework.beans.factory.annotation.AutowiredAnnotationBeanPostProcessor.postProcessProperties(AutowiredAnnotationBeanPostProcessor.java:509)
	at org.springframework.beans.factory.support.AbstractAutowireCapableBeanFactory.populateBean(AbstractAutowireCapableBeanFactory.java:1439)
	at org.springframework.beans.factory.support.AbstractAutowireCapableBeanFactory.doCreateBean(AbstractAutowireCapableBeanFactory.java:599)
	at org.springframework.beans.factory.support.AbstractAutowireCapableBeanFactory.createBean(AbstractAutowireCapableBeanFactory.java:522)
	at org.springframework.beans.factory.support.AbstractBeanFactory.lambda$doGetBean$0(AbstractBeanFactory.java:337)
	at org.springframework.beans.factory.support.DefaultSingletonBeanRegistry.getSingleton(DefaultSingletonBeanRegistry.java:234)
	at org.springframework.beans.factory.support.AbstractBeanFactory.doGetBean(AbstractBeanFactory.java:335)
	at org.springframework.beans.factory.support.AbstractBeanFactory.getBean(AbstractBeanFactory.java:200)
	at org.springframework.beans.factory.config.DependencyDescriptor.resolveCandidate(DependencyDescriptor.java:254)
	at org.springframework.beans.factory.support.DefaultListableBeanFactory.doResolveDependency(DefaultListableBeanFactory.java:1448)
	at org.springframework.beans.factory.support.DefaultListableBeanFactory.resolveDependency(DefaultListableBeanFactory.java:1358)
	at org.springframework.beans.factory.annotation.AutowiredAnnotationBeanPostProcessor$AutowiredFieldElement.resolveFieldValue(AutowiredAnnotationBeanPostProcessor.java:785)
	... 20 common frames omitted
Caused by: org.springframework.beans.factory.BeanCreationException: Error creating bean with name 'empMapper' defined in file [C:\shixun\Talis\target\classes\com\itheima\mapper\EmpMapper.class]: org.apache.ibatis.builder.BuilderException: Error parsing Mapper XML. The XML location is 'com/itheima/mapper/EmpMapper.xml'. Cause: org.apache.ibatis.builder.BuilderException: Error resolving class. Cause: org.apache.ibatis.type.TypeException: Could not resolve type alias 'com.itheima.common.param.EmpQueryParam'.  Cause: java.lang.ClassNotFoundException: Cannot find class: com.itheima.common.param.EmpQueryParam
	at org.springframework.beans.factory.support.AbstractAutowireCapableBeanFactory.initializeBean(AbstractAutowireCapableBeanFactory.java:1806)
	at org.springframework.beans.factory.support.AbstractAutowireCapableBeanFactory.doCreateBean(AbstractAutowireCapableBeanFactory.java:600)
	at org.springframework.beans.factory.support.AbstractAutowireCapableBeanFactory.createBean(AbstractAutowireCapableBeanFactory.java:522)
	at org.springframework.beans.factory.support.AbstractBeanFactory.lambda$doGetBean$0(AbstractBeanFactory.java:337)
	at org.springframework.beans.factory.support.DefaultSingletonBeanRegistry.getSingleton(DefaultSingletonBeanRegistry.java:234)
	at org.springframework.beans.factory.support.AbstractBeanFactory.doGetBean(AbstractBeanFactory.java:335)
	at org.springframework.beans.factory.support.AbstractBeanFactory.getBean(AbstractBeanFactory.java:200)
	at org.springframework.beans.factory.config.DependencyDescriptor.resolveCandidate(DependencyDescriptor.java:254)
	at org.springframework.beans.factory.support.DefaultListableBeanFactory.doResolveDependency(DefaultListableBeanFactory.java:1448)
	at org.springframework.beans.factory.support.DefaultListableBeanFactory.resolveDependency(DefaultListableBeanFactory.java:1358)
	at org.springframework.beans.factory.annotation.AutowiredAnnotationBeanPostProcessor$AutowiredFieldElement.resolveFieldValue(AutowiredAnnotationBeanPostProcessor.java:785)
	... 34 common frames omitted
Caused by: java.lang.IllegalArgumentException: org.apache.ibatis.builder.BuilderException: Error parsing Mapper XML. The XML location is 'com/itheima/mapper/EmpMapper.xml'. Cause: org.apache.ibatis.builder.BuilderException: Error resolving class. Cause: org.apache.ibatis.type.TypeException: Could not resolve type alias 'com.itheima.common.param.EmpQueryParam'.  Cause: java.lang.ClassNotFoundException: Cannot find class: com.itheima.common.param.EmpQueryParam
	at org.mybatis.spring.mapper.MapperFactoryBean.checkDaoConfig(MapperFactoryBean.java:79)
	at org.springframework.dao.support.DaoSupport.afterPropertiesSet(DaoSupport.java:44)
	at org.springframework.beans.factory.support.AbstractAutowireCapableBeanFactory.invokeInitMethods(AbstractAutowireCapableBeanFactory.java:1853)
	at org.springframework.beans.factory.support.AbstractAutowireCapableBeanFactory.initializeBean(AbstractAutowireCapableBeanFactory.java:1802)
	... 44 common frames omitted
Caused by: org.apache.ibatis.builder.BuilderException: Error parsing Mapper XML. The XML location is 'com/itheima/mapper/EmpMapper.xml'. Cause: org.apache.ibatis.builder.BuilderException: Error resolving class. Cause: org.apache.ibatis.type.TypeException: Could not resolve type alias 'com.itheima.common.param.EmpQueryParam'.  Cause: java.lang.ClassNotFoundException: Cannot find class: com.itheima.common.param.EmpQueryParam
	at com.baomidou.mybatisplus.core.MybatisXMLMapperBuilder.configurationElement(MybatisXMLMapperBuilder.java:129)
	at com.baomidou.mybatisplus.core.MybatisXMLMapperBuilder.parse(MybatisXMLMapperBuilder.java:102)
	at com.baomidou.mybatisplus.core.MybatisMapperAnnotationBuilder.loadXmlResource(MybatisMapperAnnotationBuilder.java:153)
	at com.baomidou.mybatisplus.core.MybatisMapperAnnotationBuilder.parse(MybatisMapperAnnotationBuilder.java:91)
	at com.baomidou.mybatisplus.core.MybatisMapperRegistry.addMapper(MybatisMapperRegistry.java:90)
	at com.baomidou.mybatisplus.core.MybatisConfiguration.addMapper(MybatisConfiguration.java:129)
	at org.mybatis.spring.mapper.MapperFactoryBean.checkDaoConfig(MapperFactoryBean.java:76)
	... 47 common frames omitted
Caused by: org.apache.ibatis.builder.BuilderException: Error resolving class. Cause: org.apache.ibatis.type.TypeException: Could not resolve type alias 'com.itheima.common.param.EmpQueryParam'.  Cause: java.lang.ClassNotFoundException: Cannot find class: com.itheima.common.param.EmpQueryParam
	at org.apache.ibatis.builder.BaseBuilder.resolveClass(BaseBuilder.java:103)
	at org.apache.ibatis.builder.xml.XMLStatementBuilder.parseStatementNode(XMLStatementBuilder.java:78)
	at com.baomidou.mybatisplus.core.MybatisXMLMapperBuilder.buildStatementFromContext(MybatisXMLMapperBuilder.java:145)
	at com.baomidou.mybatisplus.core.MybatisXMLMapperBuilder.buildStatementFromContext(MybatisXMLMapperBuilder.java:137)
	at com.baomidou.mybatisplus.core.MybatisXMLMapperBuilder.configurationElement(MybatisXMLMapperBuilder.java:127)
	... 53 common frames omitted
Caused by: org.apache.ibatis.type.TypeException: Could not resolve type alias 'com.itheima.common.param.EmpQueryParam'.  Cause: java.lang.ClassNotFoundException: Cannot find class: com.itheima.common.param.EmpQueryParam
	at org.apache.ibatis.type.TypeAliasRegistry.resolveAlias(TypeAliasRegistry.java:128)
	at org.apache.ibatis.builder.BaseBuilder.resolveAlias(BaseBuilder.java:132)
	at org.apache.ibatis.builder.BaseBuilder.resolveClass(BaseBuilder.java:101)
	... 57 common frames omitted
Caused by: java.lang.ClassNotFoundException: Cannot find class: com.itheima.common.param.EmpQueryParam
	at org.apache.ibatis.io.ClassLoaderWrapper.classForName(ClassLoaderWrapper.java:226)
	at org.apache.ibatis.io.ClassLoaderWrapper.classForName(ClassLoaderWrapper.java:103)
	at org.apache.ibatis.io.Resources.classForName(Resources.java:322)
	at org.apache.ibatis.type.TypeAliasRegistry.resolveAlias(TypeAliasRegistry.java:124)
	... 59 common frames omitted
2026-05-27 20:15:21.482 [main] INFO  com.itheima.TliasWebManagementApplication-Starting TliasWebManagementApplication using Java 17.0.13 with PID 24044 (C:\shixun\Talis\target\classes started by 徐坤 in C:\shixun\Talis)
2026-05-27 20:15:21.484 [main] INFO  com.itheima.TliasWebManagementApplication-No active profile set, falling back to 1 default profile: "default"
2026-05-27 20:15:22.393 [main] INFO  o.s.boot.web.embedded.tomcat.TomcatWebServer-Tomcat initialized with port 8080 (http)
2026-05-27 20:15:22.403 [main] INFO  org.apache.coyote.http11.Http11NioProtocol-Initializing ProtocolHandler ["http-nio-8080"]
2026-05-27 20:15:22.404 [main] INFO  org.apache.catalina.core.StandardService-Starting service [Tomcat]
2026-05-27 20:15:22.405 [main] INFO  org.apache.catalina.core.StandardEngine-Starting Servlet engine: [Apache Tomcat/10.1.39]
2026-05-27 20:15:22.459 [main] INFO  o.a.c.core.ContainerBase.[Tomcat].[localhost].[/]-Initializing Spring embedded WebApplicationContext
2026-05-27 20:15:22.459 [main] INFO  o.s.b.w.s.c.ServletWebServerApplicationContext-Root WebApplicationContext: initialization completed in 934 ms
2026-05-27 20:15:23.160 [main] INFO  o.s.b.a.web.servlet.WelcomePageHandlerMapping-Adding welcome page: class path resource [static/index.html]
2026-05-27 20:15:23.389 [main] INFO  org.apache.coyote.http11.Http11NioProtocol-Starting ProtocolHandler ["http-nio-8080"]
2026-05-27 20:15:23.409 [main] INFO  o.s.boot.web.embedded.tomcat.TomcatWebServer-Tomcat started on port 8080 (http) with context path '/'
2026-05-27 20:15:23.417 [main] INFO  com.itheima.TliasWebManagementApplication-Started TliasWebManagementApplication in 2.33 seconds (process running for 3.086)
2026-05-27 20:15:29.719 [http-nio-8080-exec-1] INFO  o.a.c.core.ContainerBase.[Tomcat].[localhost].[/]-Initializing Spring DispatcherServlet 'dispatcherServlet'
2026-05-27 20:15:29.720 [http-nio-8080-exec-1] INFO  org.springframework.web.servlet.DispatcherServlet-Initializing Servlet 'dispatcherServlet'
2026-05-27 20:15:29.721 [http-nio-8080-exec-1] INFO  org.springframework.web.servlet.DispatcherServlet-Completed initialization in 1 ms
2026-05-27 20:15:29.777 [http-nio-8080-exec-1] INFO  com.itheima.controller.DeptController-查询所有部门数据
2026-05-27 20:15:29.870 [http-nio-8080-exec-1] INFO  com.zaxxer.hikari.HikariDataSource-HikariPool-1 - Starting...
2026-05-27 20:15:30.081 [http-nio-8080-exec-1] INFO  com.zaxxer.hikari.pool.HikariPool-HikariPool-1 - Added connection com.mysql.cj.jdbc.ConnectionImpl@a04219f
2026-05-27 20:15:30.084 [http-nio-8080-exec-1] INFO  com.zaxxer.hikari.HikariDataSource-HikariPool-1 - Start completed.
2026-05-27 20:15:30.867 [http-nio-8080-exec-3] INFO  com.itheima.controller.DeptController-查询所有部门数据
2026-05-27 20:15:30.900 [http-nio-8080-exec-2] INFO  com.itheima.controller.EmpController-员工列表查询条件：EmpQueryParam(page=1, pageSize=10, name=, gender=null, begin=null, end=null)
2026-05-27 20:15:33.149 [http-nio-8080-exec-4] INFO  com.itheima.controller.EmpController-根据ID查询员工信息，id：85
2026-05-27 20:15:35.138 [http-nio-8080-exec-9] INFO  com.itheima.controller.EmpController-修改员工信息，员工信息：Emp(id=85, username=xx, password=123456, name=肖翔, gender=1, phone=13870095281, job=2, salary=10000, image=, entryDate=2026-05-20, deptId=1, createTime=2026-05-27T10:30:16, updateTime=2026-05-27T10:30:16, deptName=null, exprList=null)
2026-05-27 20:15:35.176 [http-nio-8080-exec-6] INFO  com.itheima.controller.EmpController-员工列表查询条件：EmpQueryParam(page=1, pageSize=10, name=, gender=null, begin=null, end=null)
2026-05-27 20:15:42.736 [http-nio-8080-exec-7] INFO  com.itheima.controller.DeptController-查询所有部门数据
2026-05-27 20:15:45.556 [http-nio-8080-exec-5] INFO  com.itheima.controller.EmpController-查询员工列表
2026-05-27 20:15:45.559 [http-nio-8080-exec-8] INFO  com.itheima.controller.ClazzController-查询班级列表
2026-05-27 20:15:49.768 [http-nio-8080-exec-10] INFO  com.itheima.controller.DeptController-查询所有部门数据
2026-05-27 20:15:50.134 [http-nio-8080-exec-3] INFO  com.itheima.controller.DeptController-查询所有部门数据
2026-05-27 20:15:50.135 [http-nio-8080-exec-1] INFO  com.itheima.controller.EmpController-员工列表查询条件：EmpQueryParam(page=1, pageSize=10, name=, gender=null, begin=null, end=null)
2026-05-27 20:16:17.098 [http-nio-8080-exec-2] INFO  com.itheima.controller.EmpController-新增员工，员工信息：Emp(id=null, username=xhj, password=null, name=谢豪杰, gender=1, phone=12312341234, job=2, salary=100, image=, entryDate=2026-05-05, deptId=47, createTime=null, updateTime=null, deptName=null, exprList=[EmpExpr(id=null, empId=null, begin=2026-05-09, end=2026-06-11, company=hj, job=讲师)])
2026-05-27 20:16:17.103 [http-nio-8080-exec-2] DEBUG o.s.jdbc.support.JdbcTransactionManager-Creating new transaction with name [com.itheima.service.impl.EmpServiceImpl.saveEmp]: PROPAGATION_REQUIRED,ISOLATION_DEFAULT,-java.lang.Exception
2026-05-27 20:16:17.106 [http-nio-8080-exec-2] DEBUG o.s.jdbc.support.JdbcTransactionManager-Acquired Connection [HikariProxyConnection@894945524 wrapping com.mysql.cj.jdbc.ConnectionImpl@a04219f] for JDBC transaction
2026-05-27 20:16:17.107 [http-nio-8080-exec-2] DEBUG o.s.jdbc.support.JdbcTransactionManager-Switching JDBC Connection [HikariProxyConnection@894945524 wrapping com.mysql.cj.jdbc.ConnectionImpl@a04219f] to manual commit
2026-05-27 20:16:17.115 [http-nio-8080-exec-2] DEBUG o.s.jdbc.support.JdbcTransactionManager-Participating in existing transaction
2026-05-27 20:16:17.123 [http-nio-8080-exec-2] DEBUG o.s.jdbc.support.JdbcTransactionManager-Initiating transaction commit
2026-05-27 20:16:17.124 [http-nio-8080-exec-2] DEBUG o.s.jdbc.support.JdbcTransactionManager-Committing JDBC transaction on Connection [HikariProxyConnection@894945524 wrapping com.mysql.cj.jdbc.ConnectionImpl@a04219f]
2026-05-27 20:16:17.125 [http-nio-8080-exec-2] DEBUG o.s.jdbc.support.JdbcTransactionManager-Releasing JDBC Connection [HikariProxyConnection@894945524 wrapping com.mysql.cj.jdbc.ConnectionImpl@a04219f] after transaction
2026-05-27 20:16:17.134 [http-nio-8080-exec-4] INFO  com.itheima.controller.EmpController-员工列表查询条件：EmpQueryParam(page=1, pageSize=10, name=, gender=null, begin=null, end=null)
2026-05-27 20:16:20.071 [http-nio-8080-exec-6] INFO  com.itheima.controller.DeptController-查询所有部门数据
2026-05-27 20:16:20.072 [http-nio-8080-exec-9] INFO  com.itheima.controller.EmpController-员工列表查询条件：EmpQueryParam(page=1, pageSize=10, name=, gender=null, begin=null, end=null)
2026-05-27 20:16:21.924 [http-nio-8080-exec-5] INFO  com.itheima.controller.EmpController-查询员工列表
2026-05-27 20:16:21.925 [http-nio-8080-exec-7] INFO  com.itheima.controller.ClazzController-查询班级列表
2026-05-27 20:18:04.311 [SpringApplicationShutdownHook] INFO  com.zaxxer.hikari.HikariDataSource-HikariPool-1 - Shutdown initiated...
2026-05-27 20:18:04.320 [SpringApplicationShutdownHook] INFO  com.zaxxer.hikari.HikariDataSource-HikariPool-1 - Shutdown completed.
2026-05-27 20:18:08.873 [main] INFO  com.itheima.TliasWebManagementApplication-Starting TliasWebManagementApplication using Java 17.0.13 with PID 18340 (C:\shixun\Talis\target\classes started by 徐坤 in C:\shixun\Talis)
2026-05-27 20:18:08.875 [main] INFO  com.itheima.TliasWebManagementApplication-No active profile set, falling back to 1 default profile: "default"
2026-05-27 20:18:09.759 [main] INFO  o.s.boot.web.embedded.tomcat.TomcatWebServer-Tomcat initialized with port 8080 (http)
2026-05-27 20:18:09.770 [main] INFO  org.apache.coyote.http11.Http11NioProtocol-Initializing ProtocolHandler ["http-nio-8080"]
2026-05-27 20:18:09.771 [main] INFO  org.apache.catalina.core.StandardService-Starting service [Tomcat]
2026-05-27 20:18:09.771 [main] INFO  org.apache.catalina.core.StandardEngine-Starting Servlet engine: [Apache Tomcat/10.1.39]
2026-05-27 20:18:09.825 [main] INFO  o.a.c.core.ContainerBase.[Tomcat].[localhost].[/]-Initializing Spring embedded WebApplicationContext
2026-05-27 20:18:09.826 [main] INFO  o.s.b.w.s.c.ServletWebServerApplicationContext-Root WebApplicationContext: initialization completed in 909 ms
2026-05-27 20:18:10.510 [main] INFO  o.s.b.a.web.servlet.WelcomePageHandlerMapping-Adding welcome page: class path resource [static/index.html]
2026-05-27 20:18:10.745 [main] INFO  org.apache.coyote.http11.Http11NioProtocol-Starting ProtocolHandler ["http-nio-8080"]
2026-05-27 20:18:10.762 [main] INFO  o.s.boot.web.embedded.tomcat.TomcatWebServer-Tomcat started on port 8080 (http) with context path '/'
2026-05-27 20:18:10.771 [main] INFO  com.itheima.TliasWebManagementApplication-Started TliasWebManagementApplication in 2.304 seconds (process running for 3.051)
2026-05-27 20:18:16.034 [http-nio-8080-exec-1] INFO  o.a.c.core.ContainerBase.[Tomcat].[localhost].[/]-Initializing Spring DispatcherServlet 'dispatcherServlet'
2026-05-27 20:18:16.034 [http-nio-8080-exec-1] INFO  org.springframework.web.servlet.DispatcherServlet-Initializing Servlet 'dispatcherServlet'
2026-05-27 20:18:16.036 [http-nio-8080-exec-1] INFO  org.springframework.web.servlet.DispatcherServlet-Completed initialization in 2 ms
2026-05-27 20:18:16.081 [http-nio-8080-exec-2] INFO  com.itheima.controller.EmpController-查询员工列表
2026-05-27 20:18:16.103 [http-nio-8080-exec-1] INFO  com.itheima.controller.ClazzController-分页查询班级列表：name=, begin=null, end=null, page=1, pageSize=10
2026-05-27 20:18:16.120 [http-nio-8080-exec-1] INFO  com.zaxxer.hikari.HikariDataSource-HikariPool-1 - Starting...
2026-05-27 20:18:16.331 [http-nio-8080-exec-1] INFO  com.zaxxer.hikari.pool.HikariPool-HikariPool-1 - Added connection com.mysql.cj.jdbc.ConnectionImpl@12899e92
2026-05-27 20:18:16.334 [http-nio-8080-exec-1] INFO  com.zaxxer.hikari.HikariDataSource-HikariPool-1 - Start completed.
2026-05-27 20:18:47.532 [http-nio-8080-exec-9] INFO  com.itheima.controller.ClazzController-查询全部班级
2026-05-27 20:18:47.538 [http-nio-8080-exec-4] INFO  com.itheima.controller.StudentController-查询所有学生信息：StudentQueryParam(page=1, pageSize=10, name=, degree=null, clazzId=null)
2026-05-27 20:18:48.167 [http-nio-8080-exec-5] INFO  com.itheima.controller.DeptController-查询所有部门数据
2026-05-27 20:18:49.003 [http-nio-8080-exec-7] INFO  com.itheima.controller.DeptController-查询所有部门数据
2026-05-27 20:18:49.005 [http-nio-8080-exec-6] INFO  com.itheima.controller.EmpController-员工列表查询条件：EmpQueryParam(page=1, pageSize=10, name=, gender=null, begin=null, end=null)
2026-05-27 20:18:50.323 [http-nio-8080-exec-10] INFO  com.itheima.controller.EmpController-查询员工列表
2026-05-27 20:18:50.324 [http-nio-8080-exec-8] INFO  com.itheima.controller.ClazzController-分页查询班级列表：name=, begin=null, end=null, page=1, pageSize=10
2026-05-27 20:18:58.840 [SpringApplicationShutdownHook] INFO  com.zaxxer.hikari.HikariDataSource-HikariPool-1 - Shutdown initiated...
2026-05-27 20:18:58.846 [SpringApplicationShutdownHook] INFO  com.zaxxer.hikari.HikariDataSource-HikariPool-1 - Shutdown completed.
